location,area,price,price_currency,status,new/resale,price_negotiable,description,security_deposit,facing,furnished,age of property,24 X 7 Security,Full Power Backup,Jogging Track,Landscaped Gardens,Gymnasium,Lift(s),Intercom,Sports Facility,Swimming Pool,Club House,Children's play area,locality_score,project_score,builder_experience,Car Parking,Shopping Mall,Indoor Games,Maintenance Staff,Multipurpose Room,Rain Water Harvesting,Cafeteria,Vaastu Compliant,ATM,Golf Course,Staff Quarter,Hospital,School
Yadagirigutta,2100,7500000,INR,0,0,0,"It has an area of 2100 sqft . The property is available at a price of Rs. 75.00 lac . The house is unfurnished. It is east facing property. The site is in close proximity to various civic utilities. If you are interested, please contact us for more details. ",1,east,0,0,0,0,0,0,1,1,1.0,1,1,1,1,,,,,,,,,,,,,,,,
Sector 77,4000,57500000,INR,,0,0,"This spacious 5 bhk villa is available for sale and is located in the heart of Sector 77. It has a salable area of 4000 sqft and is available at a price of Rs. 14,375 per sqft. It is a semi-furnished property. Its main door is facing northeast direction. It is a ready-to-move-in property. The time you'll spend here will become the greatest moment of your life that will also help you to relieve, relax & evoke a great sense of happiness. The site is in close proximity to various civic utilities. Please contact for more details. ",1,northeast,0,0,0,0,0,0,1,0,,1,0,0,1,,,,,,,,,,,,,,,,
Sector 34,3150,70000000,INR,,0,0,"A 3 bhk property is available for sale in Sector 34, Chandigarh. It has a built-up area of 3150 sqft and is priced at Rs. 7.00 cr . The house is unfurnished. This residential property is ready-to-move-in. It is made in way to provide a comfortable living for the residents. Please contact for more details. ",1,,0,0,0,0,0,0,0,0,,0,0,0,0,,,,,,,,,,,,,,,,
Sunny Enclave,2000,7990000,INR,,1,0,It has a built-up area of 2000 sqft and is priced at Rs. 79.90 lac . It is a semi-furnished property. It is made in way to provide a comfortable living. It is well connected to the city areas. Please contact us for more details. ,1,,0,0,0,0,0,0,0,0,,0,0,0,0,,,,,,,,,,,,,,,,
Sunny Enclave,1800,12500000,INR,1,1,0,It has an area of 1800 sqft . The property is available at a price of Rs. 1.25 cr . The house is semi-furnished. It is west facing property. It is a ready-to-move-in property. It is made in way to provide a comfortable living for the residents. The society is well connected by different modes of transportation. Please contact us for more details. ,1,west,0,0,0,0,0,0,0,0,,0,0,0,1,,,,,,,,,,,,,,,,
Sunny Enclave,945,4790000,INR,,1,0,"A 3 bhk property is available for sale in Sunny Enclave, Chandigarh. It is a semi-furnished property. It is northeast facing property. It is a ready-to-move-in property. It is made in way to provide a comfortable living for the residents. The society is well connected by different modes of transportation. Kindly call us for details. ",1,northeast,0,0,0,0,0,0,0,0,,0,0,0,0,,,,,,,,,,,,,,,,
Sunny Enclave,2160,6500000,INR,,1,0,"A spacious 3 bhk villa is available for sale in Sunny Enclave, Chandigarh. It has a salable area of 2160 sqft and is available at a price of Rs. 3,009 per sqft. The house is furnished. It is a ready-to-move-in property. The time you'll spend here will become the greatest moment of your life that will also help you to relieve, relax & evoke a great sense of happiness. The society is well connected by different modes of transportation. If you are interested, please contact us for more details. ",1,,1,0,0,0,0,0,0,0,,0,0,0,0,,,,,,,,,,,,,,,,
Mohali Village,936,4989000,INR,1,1,0,"It’s a 3 bhk villa situated in Mohali Village, Chandigarh. It has a built-up area of 936 sqft and is priced at Rs. 49.89 lac . It is a semi-furnished property. This residential property is ready-to-move-in. It is situated in the proximity of all the important facilities. If you are interested, please contact us for more details. ",1,,0,5,0,0,0,0,0,0,,0,0,0,0,,,,,,,,,,,,,,,,
Sunny Enclave,1800,7800000,INR,,1,0,"A spacious 3 bhk villa is available for sale in Sunny Enclave, Chandigarh. It has a built-up area of 1800 sqft and is priced at Rs. 78.00 lac . This residential property is ready-to-move-in. The time you'll spend here will become the greatest moment of your life that will also help you to relieve, relax & evoke a great sense of happiness. It is well connected to the city areas. Kindly call us for details. ",1,,0,0,0,0,0,0,0,0,,0,0,0,0,,,,,,,,,,,,,,,,
Dhakoli,1200,5500000,INR,,1,0,"A 2 bhk property is available for sale in Dhakoli, Chandigarh. It has an area of 1200 sqft with a carpet area of 1050 sqft . The property is available at a price of Rs. 55.00 lac . It is an unfurnished property. It is a ready-to-move-in property. It is situated in the proximity of all the important facilities. Please contact us for more details. ",1,,0,0,0,0,0,0,0,0,,0,0,0,0,,,,,,,,,,,,,,,,
Sector 37,3000,45000000,INR,,0,0,"A 5 bhk property is available for sale in Sector 37, Chandigarh. It has an area of 3000 sqft with a carpet area of 2500 sqft . The property is available at a price of Rs. 4.50 cr . The house is unfurnished. Its main door is facing east direction. It is situated in the proximity of all the important facilities.",1,east,0,0,0,0,0,0,0,0,,0,0,0,1,,,,,,,,,,,,,,,,
Sector 79,4500,80000000,INR,,1,0,"Well designed 6 bhk villa is available at a prime location in Sector 79. It is a semi-furnished property. It is facing northeast direction. It is a 6 year old ready-to-move-in property. It is made in way to provide a comfortable living for the residents. It is well connected to the city areas. If you are interested, please contact us for more details. ",1,northeast,0,6,0,0,0,0,1,0,,1,0,0,1,,,,,,,,,,,,,,,,
Sector 33,4500,95000000,INR,,0,0,This spacious 3 bhk villa is available for sale and is located in the heart of Sector 33. It has an area of 4500 sqft with a carpet area of 2250 sqft . The property is available at a price of Rs. 9.50 cr . It is an unfurnished property. It is facing south direction. It is a ready-to-move-in property. It is made in way to provide a comfortable living. The site is in close proximity to various civic utilities. Contact us for more details. ,1,south,0,0,0,0,0,0,0,0,,0,0,0,1,,,,,,,,,,,,,,,,
Dhakoli,4500,18500000,INR,,0,0,This spacious 4 bhk villa is available for sale and is located in the heart of Dhakoli. It has an area of 4500 sqft with a carpet area of 4000 sqft . The property is available at a price of Rs. 1.85 cr . It is a semi-furnished property. It is made in way to provide a comfortable living. It is well connected to the city areas. ,1,northeast,0,0,0,1,0,0,1,1,1.0,1,1,1,1,,,,,,,,,,,,,,,,
New chandigarh mohali,2700,35000000,INR,,0,0,It’s a 4 bhk villa situated in New chandigarh mohali. It has a built-up area of 2700 sqft and is priced at Rs. 3.50 cr . This residential property is ready-to-move-in. It is made in way to provide a comfortable living for the residents. It is situated in the proximity of all the important facilities. Kindly call us for details. ,1,,0,0,0,0,0,0,0,0,,0,0,0,0,,,,,,,,,,,,,,,,
Sector 80,2250,7190000,INR,,1,0,"A spacious 4 bhk villa is available for sale in Sector 80, Chandigarh. It is northeast facing property. This residential property is ready-to-move-in. It is made in way to provide a comfortable living. Please contact for more details. ",1,northeast,0,6,0,0,0,0,0,0,,1,0,0,1,,,,,,,,,,,,,,,,
Sunny Enclave,2160,7500000,INR,,1,0,It has an area of 2160 sqft with a carpet area of 2160 sqft . The property is available at a price of Rs. 75.00 lac . It is a semi-furnished property. This residential property is ready-to-move-in. It is situated in the proximity of all the important facilities. Contact us for more details. ,1,,0,0,0,0,0,0,0,0,,0,0,0,0,,,,,,,,,,,,,,,,
Yadagirigutta,1900,6500000,INR,,1,0,This spacious 3 bhk villa is available for sale and is located in the heart of Yadagirigutta. The house is unfurnished. This residential complex is under-construction as of now. . It is made in way to provide a comfortable living. It is situated in the proximity of all the important facilities. Kindly call us for details. ,1,,0,0,0,0,0,0,0,0,,0,0,0,0,,,,,,,,,,,,,,,,
Sunny Enclave,1800,7800000,INR,,1,0,"This spacious 3 bhk villa is available for sale and is located in the heart of Sunny Enclave. It has an area of 1800 sqft with a carpet area of 1200 sqft . The property is available at a price of Rs. 78.00 lac . It is facing north direction. It is a ready-to-move-in property. It is made in way to provide a comfortable living for the residents. The site is in close proximity to various civic utilities. If you are interested, please contact us for more details. ",1,north,0,0,0,0,0,0,0,0,,0,0,0,0,,,,,,,,,,,,,,,,
Sunny Enclave,1020,5000000,INR,,1,0,"It has a built-up area of 1020 sqft and is priced at Rs. 50.00 lac . It is a semi-furnished property. It is facing east direction. It is a ready-to-move-in property. The time you'll spend here will become the greatest moment of your life that will also help you to relieve, relax & evoke a great sense of happiness. The site is in close proximity to various civic utilities. ",1,east,0,0,0,0,0,0,0,0,,0,0,0,0,,,,,,,,,,,,,,,,
Sunny Enclave,1647,12890000,INR,1,1,0,"A spacious 4 bhk villa is available for sale in Sunny Enclave, Chandigarh. It is facing east direction. It is a ready-to-move-in property. It is made in way to provide a comfortable living for the residents. It is well connected to the city areas. Contact us for more details. ",1,east,0,0,0,0,0,0,0,0,,0,0,1,1,,,,,,,,,,,,,,,,
Sunny Enclave,1344,4990022,INR,,1,0,This spacious 3 bhk villa is available for sale and is located in the heart of Sunny Enclave. It has an area of 1344 sqft with a carpet area of 1244 sqft . The property is available at a price of Rs. 49.90 lac . The house is semi-furnished. Its main door is facing east direction. This residential property is ready-to-move-in. It is made in way to provide a comfortable living. The society is well connected by different modes of transportation. Contact us for more details. ,1,east,0,0,0,0,0,0,0,0,,0,0,0,1,,,,,,,,,,,,,,,,
Sector 69,4500,75000000,INR,,1,0,"A spacious 6 bhk villa is available for sale in Sector 69, Chandigarh. The house is semi-furnished. Its main door is facing northeast direction. This residential property is ready-to-move-in. The time you'll spend here will become the greatest moment of your life that will also help you to relieve, relax & evoke a great sense of happiness. It is well connected to the city areas. Kindly call us for details. ",1,northeast,0,0,0,0,0,0,0,0,1.0,1,0,0,1,,,,,,,,,,,,,,,,
Sector 34,2250,45000000,INR,,0,0,"It has a built-up area of 2250 sqft and is priced at Rs. 4.50 cr . It is an unfurnished property. It is facing south direction. It is a ready-to-move-in property. It is made in way to provide a comfortable living. It is situated in the proximity of all the important facilities. If you are interested, please contact us for more details. ",1,south,0,0,0,0,0,0,0,0,,0,0,0,1,,,,,,,,,,,,,,,,
Sector 80,1575,7250000,INR,,1,0,"A 4 bhk property is available for sale in Sector 80, Chandigarh. The house is semi-furnished. It is northeast facing property. This residential property is ready-to-move-in. It is made in way to provide a comfortable living. Please contact for more details. ",1,northeast,0,6,0,0,0,0,0,0,,1,0,0,0,,,,,,,,,,,,,,,,
Sunny Enclave,2376,7600000,INR,,1,0,It’s a 4 bhk villa situated in Sunny Enclave. The house is semi-furnished. This residential property is ready-to-move-in. The society is well connected by different modes of transportation. Contact us for more details. ,1,,0,0,0,0,0,0,0,0,,0,0,0,0,,,,,,,,,,,,,,,,
Ambala Highway,1250,6800000,INR,,1,1,,1,,0,0,0,0,0,0,0,0,,0,0,0,0,,,,,,,,,,,,,,,,
Mohali Sector 127,1000,4390000,INR,,1,1,,1,northeast,0,3,1,1,0,0,0,0,,0,0,0,0,,,,1.0,,,,,,,,,,,,
Sector 18,4500,115000000,INR,,0,0,"Well designed 5 bhk villa is available at a prime location in Sector 18. It has a salable area of 4500 sqft and is available at a price of Rs. 25,555 per sqft. This residential property is ready-to-move-in. The time you'll spend here will become the greatest moment of your life that will also help you to relieve, relax & evoke a great sense of happiness. It is well connected to the city areas. ",1,,0,0,0,0,0,0,0,0,,0,0,0,1,,,,,,,,,,,,,,,,
Sector 79,4850,85000000,INR,,0,0,It’s a 7 bhk villa situated in Sector 79. The house is semi-furnished. It is northeast facing property. The site is in close proximity to various civic utilities. Kindly call us for details. ,1,northeast,0,6,0,0,0,0,1,0,,1,0,0,1,,,,,,,,,,,,,,,,
Kharar Mohali,2400,3900000,INR,,1,1,,1,east,0,3,0,0,0,0,0,0,,0,0,0,0,,,,,,,,,,,,,,,,
PEER MUCHALLA ADJOING SEC 20 PANCHKULA,1450,8500000,INR,1,1,1,"It’s a 3 bhk villa situated in PEER MUCHALLA ADJOING SEC 20 PANCHKULA. It has a built-up area of 1450 sqft and is priced at Rs. 85.00 lac (negotiable). The house is semi-furnished. It is facing east direction. The property is available on freehold. It is a ready-to-move-in property. The time you'll spend here will become the greatest moment of your life that will also help you to relieve, relax & evoke a great sense of happiness. ",1,east,0,1,1,0,0,0,0,0,,0,0,0,0,,,,1.0,,,,,,,,,,,,
Chandigarh Road,720,2890000,INR,1,1,1,,1,northeast,0,3,0,0,0,0,0,0,,0,0,0,0,,,,,,,,,,,,,,,,
Airport Road,1800,6600000,INR,,1,1,"SUSHMA Valencia recreates the wonderful Spanish lifestyle. Low-rise villa floors are built with graceful archways, classic elevations, and fluted columns – everything that’s Spanish. All homes have been designed to be naturally lit, having every balcony overlooks wide green lawns. Truly, every element of SUSHMA Valencia transport residents to Spain.",1,north,0,1,1,1,1,0,1,1,1.0,1,1,1,1,,,,1.0,1.0,1.0,1.0,1.0,1.0,1.0,1.0,,,,,
sector 123,1350,5700000,INR,,1,0,This spacious 3 bhk villa is available for sale and is located in the heart of sector 123. It has a built-up area of 1350 sqft and is priced at Rs. 57.00 lac . It is an unfurnished property. It has 3 bathrooms and 3 balconies. This residential property is ready-to-move-in. It is made in way to provide a comfortable living. The society is well connected by different modes of transportation. Please contact us for more details. ,1,,0,1,0,0,0,0,0,0,,0,0,0,0,,,,,,,,,,,,,,,,
Kharar Road,1400,5870000,INR,,1,1,"This spacious 3 bhk villa is available for sale and is located in the heart of Kharar Road. It has a built-up area of 1400 sqft and is priced at Rs. 58.70 lac (negotiable). It is a furnished property. Furnishings include 3 wardrobe, 2 tv, 1 sofa, 1 dining table, 1 ac, 3 bed and 1 modular kitchen. Its main door is facing east direction. The property is available on freehold. It has 3 bathrooms and 2 balconies. It is a ready-to-move-in property. It is made in way to provide a comfortable living. It is well connected to the city areas. Please contact us for more details. ",1,east,1,0,0,0,0,0,0,0,,0,0,0,0,,,,,,,,,,,,,,,,
IT Park Road,9000,90000000,INR,1,0,0,,1,,0,3,1,1,1,0,1,1,1.0,1,1,1,1,,,,1.0,1.0,1.0,1.0,1.0,1.0,1.0,1.0,1.0,1.0,1.0,1.0,1.0
Kharar Mohali,1000,5490000,INR,,1,1,"Gated township, 2 tire security, 24 hours security cctv cemra, offering 170 Indepandent duplex villa in face 1 fully equipped Modular kitchen chandegarh university Rayat Bahrt university, mind tree smart school on walking in distance, huge Rantal income, unmatchable prise",1,east,0,1,1,0,0,0,0,0,,0,0,0,0,,,,1.0,,,,,,,,,,,,
Mohali Sector 127,1800,4590000,INR,,1,1,"Well designed 4 bhk villa is available at a prime location in Mohali Sector 127. It has a built-up area of 1800 sqft and is priced at Rs. 45.90 lac (negotiable). The house is semi-furnished. One of the major USPs of the property is that it is a corner property. The property is available on freehold. It has 3 bathrooms and 3 balconies. The time you'll spend here will become the greatest moment of your life that will also help you to relieve, relax & evoke a great sense of happiness. It is well connected to the city areas. Please contact for more details. ",1,east,0,2,1,0,1,0,0,0,,0,0,1,1,,,,1.0,,,,1.0,,,1.0,1.0,,,1.0,1.0
Sector 69,4500,52500000,INR,,0,0,"A spacious 3 bhk villa is available for sale in Sector 69, Chandigarh. It has a built-up area of 4500 sqft and is priced at Rs. 5.25 cr . The house is semi-furnished. Its main door is facing south direction. This residential property is ready-to-move-in. It is well connected to the city areas. Please contact for more details. ",1,south,0,0,0,0,0,0,0,0,,0,0,0,1,,,,,,,,,,,,,,,,
Mohali Sector 127,1000,3590000,INR,,1,0,"A 3 bhk property is available for sale in Mohali Sector 127, Chandigarh. It has an area of 1000 sqft with a carpet area of 900 sqft . The property is available at a price of Rs. 35.90 lac . It is an unfurnished property. It has 3 bathrooms and 2 balconies. The time you'll spend here will become the greatest moment of your life that will also help you to relieve, relax & evoke a great sense of happiness. It is situated in the proximity of all the important facilities. ",1,,0,2,0,0,0,0,0,0,,0,0,0,0,,,,,,,,,,,,,,,,
Dera Bassi,1200,3390000,INR,,1,1,"A 2 bhk property is available for sale in Dera Bassi, Chandigarh. It has an area of 1200 sqft with a carpet area of 1050 sqft . The property is available at a price of Rs. 33.90 lac (negotiable ). It has 24 x 7 security. Other amenities include gymnasium, power backup, swimming pool and car parking. One of the major USPs of the property is that it is a road facing property. The time you'll spend here will become the greatest moment of your life that will also help you to relieve, relax & evoke a great sense of happiness. Contact us for more details. ",1,northeast,0,1,1,1,1,0,1,0,,0,1,1,0,7.1,,,1.0,,,,,1.0,,1.0,,,1.0,,
Sector 69,9000,140000000,INR,,0,0,The house is semi-furnished. It is a ready-to-move-in property. It is made in way to provide a comfortable living. The society is well connected by different modes of transportation. Please contact for more details. ,1,northeast,0,0,0,1,0,0,1,0,,1,0,0,1,,,,,,,,,,,,,,,,
Mullanpur,4500,29740000,INR,1,1,1,"Omaxe Mulberry Villas in Chandigarh are designed to offer delightful living experience and a great lifestyle. The Villas are enriched with luxurious amenities. The houses are modern and unique, laden with the best of facilities to soothe the living experience. The villas have smooth Italian marble flooring.The master bedroom is encompassed with laminated wooden flooring to give you the touch of nature and royalty. The modular kitchen can entice anyone to turn culinary artist with the designed perfection. The green lawns lay wide surrounding your villa, coaxing the villa amidst the beauty of nature. The luxurious experience in the bathroom is studded by its European style, making it to the epitome of desires.The destination is surrounded by facilities and amenities which would make life simpler and more comfortable. The superb connectivity reduces the hassle of the commute from any part of the city. Compared to the multitude of amenities and a peaceful existence away from the hustle of busy cities price would be a minor decision at Omaxe New Chandigarh Villas. The township boasts of amenities such as shopping complex, school, and amusement parks within the area to provide hassle-free living experience.",1,east,0,0,0,0,0,0,0,0,,0,0,0,0,,,,,,,,,,,,,,,,
Sector 10,4500,100000000,INR,,0,1,This spacious 4 bhk villa is available for sale and is located in the heart of Sector 10. It has an area of 4500 sqft with a carpet area of 3150 sqft . The property is available at a price of Rs. 10.00 cr (negotiable ). The house is semi-furnished. Its main door is facing northeast direction. It is a 11 year old ready-to-move-in property. It is made in way to provide a comfortable living for the residents. The site is in close proximity to various civic utilities. Please contact us for more details. ,1,northeast,0,10,0,0,0,0,0,0,,0,0,0,0,,,,1.0,,,,,,,,,,,,
PEER MUCHALLA ADJOING SEC 20 PANCHKULA,1350,6500000,INR,1,1,1,"This spacious 3 bhk villa is available for sale and is located in the heart of PEER MUCHALLA ADJOING SEC 20 PANCHKULA. It has a built-up area of 1350 sqft and is priced at Rs. 65.00 lac (negotiable). The property provides an excellent view as it overlooks the garden. The property has 3 bathrooms and 3 balconies. The society is well connected by different modes of transportation. If you are interested, please contact us for more details. ",1,east,0,1,1,0,0,0,0,0,,0,0,0,0,,,,1.0,,,,,,,,,,,,
Zirakpur Road,1800,6400000,INR,,1,1,"SUSHMA Valencia recreates the wonderful Spanish lifestyle. Low-rise villa floors are built with graceful archways, classic elevations, and fluted columns – everything that’s Spanish. All homes have been designed to be naturally lit, having every balcony overlooks wide green lawns. Truly, every element of SUSHMA Valencia transport residents to Spain.",1,north,0,1,1,1,1,0,1,1,1.0,1,1,1,1,,,,1.0,1.0,1.0,1.0,1.0,1.0,1.0,1.0,1.0,1.0,1.0,1.0,1.0
Mohali Sec 125,2000,14000000,INR,,1,0,"A 4 bhk property is available for sale in Mohali Sec 125, Chandigarh. The house is unfurnished. It has 4 bathrooms and 3 balconies. This residential property is ready-to-move-in. It is situated in the proximity of all the important facilities. Contact us for more details. ",1,,0,2,0,0,0,0,0,0,,0,0,0,0,,,,,,,,,,,,,,,,
Chandigarh Road,1000,3500000,INR,,1,1,,1,northeast,0,3,0,0,0,0,0,0,,0,0,0,0,,,,,,,,,,,,,,,,
SEC 115 MOHALI KHARAR LANDRAN ROAD,1620,4190000,INR,,1,1,"Why Green Valley Residencia?
children's Play Area
Intercom
24 X 7 Security
Indoor Games
Closed Car Parking
Banquet Hall
CCTV
Street Lighting
Panoramic Pergola Walkways
Tree Lined Boulevards
Enchanting Water Body
Stimulating Space For Yoga
Serene Gazebo Sitting For Elderly
A Palatial Entrance Lobby
Kids Entertainment Room
Cozy Card Room For Adults
Billiards
Chess
Soccer Table
Table Tennis
Dormitory For Drivers
Specifications :
Kitchen: Vitrified Ceramic flooring.
Toilets: Anti Skid Tiles.
Balcony: Anti Skid Tiles.
Interior Walls: Acrylic Emulsion Paint.
Exterior Walls: Weather proof paint.
Kitchen Walls: Ceramic Tiles.
Toilets Walls: Ceramic Tiles.
Kitchen: Granite platform with stainless steel sink.
Toilets: Provision for Geyser, Provision For Exhaust Fan.
Internal Door: Flush Door.
Windows: Aluminium Powder Coated Windows.
Frame Structure: Earthquake resistant RCC framed structure.
Wiring: Concealed copper wiring.
Switches: Modular switches.",1,,0,1,0,0,0,0,0,0,,0,0,0,0,,,,,,,,,,,,,,,,
sector 123,1800,16500000,INR,,1,1,"It has a salable area of 1800 sqft and is available at a price of Rs. 9,166 per sqft. The house is semi-furnished. Its main door is facing north direction. The property is available on freehold. The property has 5 bathrooms and 3 balconies. It is a ready-to-move-in property. It is made in way to provide a comfortable living for the residents. It is situated in the proximity of all the important facilities. Contact us for more details. ",1,north,0,0,0,0,1,1,0,0,,0,0,0,0,,,,1.0,1.0,,,,,,1.0,1.0,,,1.0,1.0
Kharar Mohali,1400,5880000,INR,,1,1,"It’s a 3 bhk villa situated in Kharar Mohali, Chandigarh. It has a salable area of 1400 sqft and is available at a price of Rs. 4,200 per sqft. It is a furnished property. Furnishings include 3 wardrobe, 2 tv, 1 sofa, 1 dining table, 1 ac, 3 bed and 1 modular kitchen. The property provides an excellent view as it overlooks the garden. The property is available on freehold. This residential property is ready-to-move-in. It is made in way to provide a comfortable living. The society is well connected by different modes of transportation. Contact us for more details. ",1,east,1,0,0,0,0,0,0,0,,0,0,0,0,,,,,,,,,,,,,,,,
Kharar Mohali,846,4890000,INR,,1,1,"Rady to move Propty, gated Township, two tier security 24 hours Cctv camera, offering 170 Independent duplex villas in phase 1
Fully Equipped Modular kitchen",1,east,0,1,1,0,1,0,0,0,,0,0,0,0,,,,1.0,,,,,,,1.0,,,,,
Zirakpur Road,1500,3700000,INR,,1,1,"It’s a 2 bhk villa situated in Zirakpur Road, Chandigarh. It has a built-up area of 1500 sqft and is priced at Rs. 37.00 lac (negotiable). It is a semi-furnished property. One of the major USPs of the property is that it is a road facing property. The property is available on freehold. It has 2 bathrooms and 2 balconies. It is a ready-to-move-in property. It is made in way to provide a comfortable living for the residents. It is well connected to the city areas. If you are interested, please contact us for more details. ",1,northeast,0,1,1,0,0,0,0,0,,0,0,0,0,,,,1.0,,,,,,,,,,,,
Aerocity,1035,7990000,INR,,1,1,"A spacious 3 bhk villa is available for sale in Aerocity, Chandigarh. It has a built-up area of 1035 sqft and is priced at Rs. 79.90 lac (negotiable). The house is semi-furnished. Furnishings include 3 wardrobe, 1 gas connection, 3 bed and 1 modular kitchen. It is facing northeast direction. The property is available on freehold. The property has 3 bathrooms and 3 balconies. This residential property is ready-to-move-in. The time you'll spend here will become the greatest moment of your life that will also help you to relieve, relax & evoke a great sense of happiness. The site is in close proximity to various civic utilities. If you are interested, please contact us for more details. ",1,northeast,0,2,1,1,1,0,0,0,,0,0,0,1,,,,1.0,,1.0,1.0,,,,1.0,,,1.0,,
New Chandigarh Mullanpur,2250,18500066,INR,1,1,0,This spacious 4 bhk villa is available for sale and is located in the heart of New Chandigarh Mullanpur. It has a built-up area of 2250 sqft and is priced at Rs. 1.85 cr . It is a semi-furnished property. It is northwest facing property. This residential property is ready-to-move-in. It is made in way to provide a comfortable living for the residents. It is situated in the proximity of all the important facilities. Please contact for more details. ,1,northwest,0,2,1,1,1,0,1,0,1.0,1,0,0,1,,,,1.0,,1.0,1.0,,1.0,,1.0,1.0,,,1.0,1.0
SEC 115 MOHALI KHARAR LANDRAN ROAD,850,4190000,INR,,1,1,"Features and Facilities Available For Your Comfort 

Modern Fittings in Kitchen 
Branded Tiles Flooring
Branded Bath Fitting
Plastic Paint
Sliding Cupboards 
False Ceiling
Gated Society 
Green Park 

Near Highway 

Direct Call Me For Booking and Any Other INFORMATION About Project",1,northeast,1,0,1,0,1,0,1,0,,0,0,0,1,,,,1.0,,,1.0,,,,,1.0,,,1.0,1.0
Mohali Sector 127,950,4587900,INR,,1,1,"This spacious 3 bhk villa is available for sale and is located in the heart of Mohali Sector 127. It has a salable area of 950 sqft and is available at a price of Rs. 4,829 per sqft. The house is furnished. It has 3 wardrobe, 1 tv, 1 sofa and 3 bed. It also has 1 modular kitchen. It is east facing property. The property is available on freehold. It has 3 bathrooms and 2 balconies. This residential property is ready-to-move-in. It is made in way to provide a comfortable living for the residents. The society is well connected by different modes of transportation. If you are interested, please contact us for more details. ",1,east,1,0,1,0,1,0,1,0,,0,0,0,1,,,,1.0,,,1.0,,,,,1.0,,,1.0,1.0
Kurali Chandigarh Road,936,4890000,INR,,1,1,"Offering ? Spanish Villas?

Starting @49.90 onwards
Located on CHD-KHARAR-KURALI Highway(NH -21)

# Gated Township.

# Two Tier Security.

# 24 Hours CCTV

# Offering 170 Independent Duplex Villas in Phase 1.

# Fully Equipped Modular Kitchen.

# Chandigarh University & Rayat Bahara University nearby

# Mind Tree Smart School on Walk in Distance

# Huge Rental Income 

# Unmatchable Price

# Connected to National Highways NH-95 & NH-21

# Private Garden for every Villa 

# Land Scaped Gardens & Club House

# LED street Lights",1,northwest,0,0,1,0,0,1,1,0,,0,1,1,1,,,,1.0,,,1.0,,1.0,,,,,,,1.0
Nayagaon,5200,15000000,INR,1,1,1,"Well designed 10 bhk villa is available at a prime location in Nayagaon. It has a salable area of 5200 sqft and is available at a price of Rs. 2,884 per sqft. It is an unfurnished property. The property is available on freehold. The property has 9 bathrooms and 3 balconies. It is made in way to provide a comfortable living for the residents. ",1,east,0,0,0,1,0,0,0,0,,0,0,0,0,,,,1.0,,,,,,,1.0,1.0,,,1.0,1.0
Kurali Chandigarh Road,1400,5890000,INR,,1,1,Well designed 3 bhk villa is available at a prime location in Kurali Chandigarh Road. One of the major USPs of the property is that it is a road facing property. The property is available on freehold. It has 3 bathrooms and 2 balconies. It is made in way to provide a comfortable living for the residents. Please contact for more details. ,1,east,0,0,0,0,0,0,0,0,,0,0,0,0,,,,,,,,,,,,,,,,
Mohali Sector 127,945,2890000,INR,,1,1,"It’s a 3 bhk villa situated in Mohali Sector 127, Chandigarh. It has a salable area of 945 sqft and is available at a price of Rs. 3,058 per sqft. It is a furnished property. Its main door is facing east direction. The property is available on freehold. It has 2 bathrooms and 2 balconies. This residential property is ready-to-move-in. It is made in way to provide a comfortable living for the residents. It is situated in the proximity of all the important facilities. Please contact us for more details. ",1,east,1,2,1,1,1,0,0,0,,0,0,0,1,,,,1.0,,,1.0,,1.0,,1.0,1.0,,,1.0,1.0
sector 123,990,4300000,INR,1,1,1,This spacious 3 bhk villa is available for sale and is located in the heart of sector 123. It has a built-up area of 990 sqft and is priced at Rs. 43.00 lac (negotiable). The house is semi-furnished. It is facing northeast direction. The property is available on freehold. This residential property is ready-to-move-in. The site is in close proximity to various civic utilities. ,1,northeast,0,2,0,0,0,0,0,0,,0,0,0,0,,,,,,,,,,,,1.0,,,1.0,1.0
Kharar Mohali,900,2800000,INR,,1,0,It is a furnished property. Its main door is facing east direction. The property is available on freehold. The property has 3 bathrooms and 1 balcony. It is an under-construction property and is expected to get completed by 26/11/2021. It is situated in the proximity of all the important facilities. ,1,east,1,0,0,0,0,0,0,0,,0,0,0,0,,,,1.0,1.0,,1.0,,,,1.0,1.0,,,1.0,1.0
Patiala Road Zirakpur,1800,2800000,INR,,1,0,This spacious 3 bhk villa is available for sale and is located in the heart of Patiala Road Zirakpur. It has a built-up area of 1800 sqft and is priced at Rs. 28.00 lac . The house is unfurnished. It is facing northeast direction. It has 3 bathrooms and 3 balconies. This residential property is ready-to-move-in. It is made in way to provide a comfortable living. The society is well connected by different modes of transportation. Please contact us for more details. ,1,northeast,0,2,1,1,1,0,1,1,1.0,1,1,1,1,,,,1.0,1.0,1.0,1.0,1.0,1.0,1.0,1.0,1.0,1.0,1.0,1.0,1.0
New Chandigarh Mullanpur,2250,18500044,INR,1,1,0,"A spacious 4 bhk villa is available for sale in New Chandigarh Mullanpur, Chandigarh. It has a built-up area of 2250 sqft and is priced at Rs. 1.85 cr . It is a semi-furnished property. It is facing east direction. The property is available on freehold. It has 3 bathrooms and 3 balconies. This residential property is ready-to-move-in. It is made in way to provide a comfortable living for the residents. The site is in close proximity to various civic utilities. If you are interested, please contact us for more details. ",1,east,0,2,1,1,1,0,1,0,1.0,1,0,1,1,,,,1.0,,1.0,1.0,,1.0,,1.0,1.0,,,1.0,1.0
Mohali Sec 125,950,3890000,INR,,1,1,One of the major USPs of the property is that it is a road facing property. This residential property is ready-to-move-in. It is made in way to provide a comfortable living for the residents. The society is well connected by different modes of transportation. Contact us for more details. ,1,northeast,1,2,1,1,0,0,0,0,,0,0,0,0,,,,1.0,1.0,,1.0,,1.0,,1.0,1.0,,,1.0,1.0
Mullanpur,4500,39750000,INR,1,1,1,"Omaxe Mulberry Villas in Chandigarh are designed to offer delightful living experience and a great lifestyle. The Villas are enriched with luxurious amenities. The houses are modern and unique, laden with the best of facilities to soothe the living experience. The villas have smooth Italian marble flooring.The master bedroom is encompassed with laminated wooden flooring to give you the touch of nature and royalty. The modular kitchen can entice anyone to turn culinary artist with the designed perfection. The green lawns lay wide surrounding your villa, coaxing the villa amidst the beauty of nature. The luxurious experience in the bathroom is studded by its European style, making it to the epitome of desires.The destination is surrounded by facilities and amenities which would make life simpler and more comfortable. The superb connectivity reduces the hassle of the commute from any part of the city. Compared to the multitude of amenities and a peaceful existence away from the hustle of busy cities price would be a minor decision at Omaxe New Chandigarh Villas. The township boasts of amenities such as shopping complex, school, and amusement parks within the area to provide hassle-free living experience.",1,east,1,0,0,0,0,0,0,0,,0,0,0,0,,,,,,,,,,,,,,,,
Mohali Sector 127,1500,3990000,INR,,1,0,It’s a 3 bhk villa situated in Mohali Sector 127. It has an area of 1500 sqft with a carpet area of 1350 sqft . The property is available at a price of Rs. 39.90 lac . It is an unfurnished property. It is made in way to provide a comfortable living. It is well connected to the city areas. Contact us for more details. ,1,,0,2,0,0,0,0,0,0,,0,0,0,0,,,,,,,,,,,,,,,,
Kharar Mohali,1020,2350000,INR,,1,1,"A 2 bhk property is available for sale in Kharar Mohali, Chandigarh. It has a salable area of 1020 sqft and is available at a price of Rs. 2,303 per sqft. It is a semi-furnished property. It is facing east direction. The property is available on freehold. It has 2 bathrooms and 2 balconies. This residential property is ready-to-move-in. It is made in way to provide a comfortable living for the residents. The site is in close proximity to various civic utilities. Contact us for more details. ",1,east,0,2,1,0,0,0,0,0,1.0,0,0,0,0,,,,,1.0,,1.0,1.0,,,1.0,1.0,,1.0,1.0,1.0
Kurali Chandigarh Road,936,4790000,INR,,1,1,"A 3 bhk property is available for sale in Kurali Chandigarh Road, Chandigarh. It has a built-up area of 936 sqft and is priced at Rs. 47.90 lac (negotiable). It is a semi-furnished property. It is facing northeast direction. It has 3 bathrooms and 2 balconies. It is a ready-to-move-in property. It is made in way to provide a comfortable living for the residents. It is situated in the proximity of all the important facilities. Please contact us for more details. ",1,northeast,0,1,1,0,1,1,1,1,1.0,1,1,1,1,,,,1.0,1.0,1.0,1.0,1.0,1.0,1.0,1.0,1.0,1.0,1.0,1.0,1.0
Mohali Sector 127,850,4187900,INR,,1,1,"The house is furnished. It has 3 wardrobe, 1 tv, 1 sofa and 1 ac. It also has 3 bed and 1 modular kitchen. It is northeast facing property. It has 3 bathrooms and 2 balconies. It is a ready-to-move-in property. It is made in way to provide a comfortable living for the residents. The site is in close proximity to various civic utilities. Contact us for more details. ",1,northeast,1,0,1,0,1,0,1,0,,0,0,0,1,,,,1.0,,,,,,,,1.0,,,1.0,1.0
Sector 71,3150,34999650,INR,,0,0,This spacious 3 bhk villa is available for sale and is located in the heart of Sector 71. It is a semi-furnished property. Its main door is facing northeast direction. This residential property is ready-to-move-in. It is made in way to provide a comfortable living for the residents. The society is well connected by different modes of transportation. Contact us for more details.,1,northeast,0,0,0,0,0,0,0,0,,0,0,0,1,,,,,,,,,,,,,,,,
Sector 61,4500,47500000,INR,,0,0,"This spacious 3 bhk villa is available for sale and is located in the heart of Sector 61. The house is semi-furnished. It is north facing property. It is a ready-to-move-in property. The time you'll spend here will become the greatest moment of your life that will also help you to relieve, relax & evoke a great sense of happiness. It is well connected to the city areas. ",1,north,0,0,0,0,0,0,0,0,,0,0,0,1,,,,,,,,,,,,,,,,
Sector 59,4500,45000000,INR,,0,0,"It’s a 3 bhk villa situated in Sector 59, Chandigarh. The house is semi-furnished. This residential property is ready-to-move-in. It is made in way to provide a comfortable living for the residents. It is situated in the proximity of all the important facilities. Contact us for more details. ",1,,0,5,0,1,0,0,0,0,,0,0,0,1,,,,,,,,,,,,,,,,
Sector 54,4500,46000000,INR,,0,0,"A spacious 3 bhk villa is available for sale in Sector 54, Chandigarh. It has a salable area of 4500 sqft and is available at a price of Rs. 10,222 per sqft. The house is semi-furnished. This residential property is ready-to-move-in. It is made in way to provide a comfortable living. The society is well connected by different modes of transportation. Contact us for more details. ",1,,0,5,0,0,0,0,0,0,,0,0,0,1,,,,,,,,,,,,,,,,
Sector 27,4500,100000000,INR,,0,0,It’s a 3 bhk villa situated in Sector 27. It is a semi-furnished property. Its main door is facing north direction. This residential property is ready-to-move-in. It is made in way to provide a comfortable living. It is situated in the proximity of all the important facilities. ,1,north,0,0,0,0,0,0,0,0,,0,0,0,1,,,,,,,,,,,,,,,,
Mullanpur New Chandigarh,4500,41067800,INR,1,1,1,"Omaxe Mulberry Villas in Chandigarh are designed to offer delightful living experience and a great lifestyle. The Villas are enriched with luxurious amenities with the villas in the township spread over 4500 sq ft. The houses are modern and unique, laden with the best of facilities to soothe the living experience. The villas have smooth Italian marble flooring.The master bedroom is encompassed with laminated wooden flooring to give you the touch of nature and royalty. The modular kitchen can entice anyone to turn culinary artist with the designed perfection. The green lawns lay wide surrounding your villa, coaxing the villa amidst the beauty of nature. The luxurious experience in the bathroom is studded by its European style, making it to the epitome of desires.The destination is surrounded by facilities and amenities which would make life simpler and more comfortable. The superb connectivity reduces the hassle of the commute from any part of the city. Compared to the multitude of amenities and a peaceful existence away from the hustle of busy cities price would be a minor decision at Omaxe New Chandigarh Villas. The township boasts of amenities such as shopping complex, school, and amusement parks within the area to provide hassle-free living experience.",1,east,0,2,1,1,0,0,1,1,,0,1,0,0,,,,1.0,,,,,,,,,,,,
kharar landran road,1100,3690000,INR,,1,1,"Well designed 4 bhk villa is available at a prime location in kharar landran road. It has an area of 1100 sqft with a carpet area of 1000 sqft . The property is available at a price of Rs. 36.90 lac (negotiable ). The house is semi-furnished. Its main door is facing east direction. The property has 3 bathrooms and 3 balconies. It is a ready-to-move-in property. The time you'll spend here will become the greatest moment of your life that will also help you to relieve, relax & evoke a great sense of happiness.",1,east,0,2,1,0,1,0,0,0,1.0,1,0,0,0,,,,1.0,1.0,,1.0,1.0,,,1.0,1.0,,1.0,1.0,1.0
Chandigarh Road,720,1900000,INR,1,1,1,,1,northeast,0,3,0,0,0,0,0,0,,0,0,0,0,,,,,,,,,,,,,,,,
Kharar Mohali,1000,4990000,INR,,1,1,"spanish villa chd -kharar kurali highway nh 21, gated township , 2 tire securty projet , 24 hour cctv , offering 170 independent duplex Villas in phase1 , fully Equipped modular kitchen , chandigarh s Rayat Bahara universty , near by it city , covark city 10 mint draving distance , vaastu frandly socity",1,east,0,1,1,0,0,1,1,0,,0,0,0,0,,,,1.0,,,,,,,,,,,,
Mullanpur New Chandigarh,4500,41015000,INR,1,1,1,"Omaxe Mulberry Villas in Chandigarh are designed to offer delightful living experience and a great lifestyle. The Villas are enriched with luxurious amenities with the villas in the township spread over 4500 sq ft. The houses are modern and unique, laden with the best of facilities to soothe the living experience. The villas have smooth Italian marble flooring.The master bedroom is encompassed with laminated wooden flooring to give you the touch of nature and royalty. The modular kitchen can entice anyone to turn culinary artist with the designed perfection. The green lawns lay wide surrounding your villa, coaxing the villa amidst the beauty of nature. The luxurious experience in the bathroom is studded by its European style, making it to the epitome of desires.The destination is surrounded by facilities and amenities which would make life simpler and more comfortable. The superb connectivity reduces the hassle of the commute from any part of the city. Compared to the multitude of amenities and a peaceful existence away from the hustle of busy cities price would be a minor decision at Omaxe New Chandigarh Villas. The township boasts of amenities such as shopping complex, school, and amusement parks within the area to provide hassle-free living experience.",1,east,1,2,1,1,0,0,1,1,,0,1,0,0,,,,1.0,,,,,,,,,,,,
Mohali Sec 79,8500,80000000,INR,1,1,0,"It has a salable area of 8500 sqft and is available at a price of Rs. 9,411 per sqft. The house is furnished. It has 5 wardrobe, 1 sofa, 1 washing machine and 1 wifi. It also has 1 microwave, 1 dining table, 1 gas connection, 3 ac and 5 bed. It is facing northeast direction. It is a ready-to-move-in property. It is situated in the proximity of all the important facilities. ",1,northeast,1,0,1,1,0,1,0,1,,0,0,0,0,,,,1.0,,,,,,,,,,,,
NEARBY PEERMUCHALLA SECTOR 20 PANCHKULA,1000,5200000,INR,1,1,1,"A 3 bhk property is available for sale in NEARBY PEERMUCHALLA SECTOR 20 PANCHKULA, Chandigarh. It has a salable area of 1000 sqft and is available at a price of Rs. 5,200 per sqft. The house is semi-furnished. Its main door is facing east direction. The property is available on freehold. It has 3 bathrooms and 3 balconies. It is a ready-to-move-in property. The time you'll spend here will become the greatest moment of your life that will also help you to relieve, relax & evoke a great sense of happiness. The site is in close proximity to various civic utilities. If you are interested, please contact us for more details. ",1,east,0,1,1,0,0,0,0,0,,0,0,0,0,,,,1.0,,,,,,,,,,,,
Mullanpur,4500,29960000,INR,1,1,1,"Omaxe Mulberry Villas in Chandigarh are designed to offer delightful living experience and a great lifestyle. The Villas are enriched with luxurious amenities with the villas in the township spread over 4500 sq ft. The houses are modern and unique, laden with the best of facilities to soothe the living experience. The villas have smooth Italian marble flooring.The master bedroom is encompassed with laminated wooden flooring to give you the touch of nature and royalty. The modular kitchen can entice anyone to turn culinary artist with the designed perfection. The green lawns lay wide surrounding your villa, coaxing the villa amidst the beauty of nature. The luxurious experience in the bathroom is studded by its European style, making it to the epitome of desires.The destination is surrounded by facilities and amenities which would make life simpler and more comfortable. The superb connectivity reduces the hassle of the commute from any part of the city. Compared to the multitude of amenities and a peaceful existence away from the hustle of busy cities price would be a minor decision at Omaxe New Chandigarh Villas. The township boasts of amenities such as shopping complex, school, and amusement parks within the area to provide hassle-free living experience.",1,east,0,2,1,1,0,0,1,0,,0,0,0,0,,,,1.0,,,,,,,,,,,,
Sector 79,4500,82500000,INR,,1,0,"It’s a 7 bhk villa situated in Sector 79, Chandigarh. It has a built-up area of 4500 sqft and is priced at Rs. 8.25 cr . The house is semi-furnished. It is facing northeast direction. It is made in way to provide a comfortable living for the residents. The society is well connected by different modes of transportation. If you are interested, please contact us for more details. ",1,northeast,0,6,0,1,0,0,1,0,,1,0,0,1,,,,,,,,,,,,,,,,
Mohali Sec 125,990,4290000,INR,,1,1,"Well designed 3 bhk villa is available at a prime location in Mohali Sec 125. It has an area of 990 sqft with a carpet area of 901 sqft . The property is available at a price of Rs. 42.90 lac (negotiable ). It is a furnished property. It has 3 wardrobe, 1 tv, 3 bed and 1 modular kitchen. One of the major USPs of the property is that it is a corner property. The property is available on freehold. It has 3 bathrooms and 3 balconies. The time you'll spend here will become the greatest moment of your life that will also help you to relieve, relax & evoke a great sense of happiness. It is situated in the proximity of all the important facilities. Please contact for more details. ",1,northeast,1,2,1,1,0,0,0,0,,0,0,0,0,,,,1.0,1.0,,1.0,,1.0,,1.0,1.0,,,1.0,1.0
Mullanpur New Chandigarh,4500,29978900,INR,1,1,1,"Omaxe Mulberry Villas in Chandigarh are designed to offer delightful living experience and a great lifestyle. The Villas are enriched with luxurious amenities with the villas in the township spread over 4500 sq ft. The houses are modern and unique, laden with the best of facilities to soothe the living experience. The villas have smooth Italian marble flooring.The master bedroom is encompassed with laminated wooden flooring to give you the touch of nature and royalty. The modular kitchen can entice anyone to turn culinary artist with the designed perfection. The green lawns lay wide surrounding your villa, coaxing the villa amidst the beauty of nature. The luxurious experience in the bathroom is studded by its European style, making it to the epitome of desires.The destination is surrounded by facilities and amenities which would make life simpler and more comfortable. The superb connectivity reduces the hassle of the commute from any part of the city. Compared to the multitude of amenities and a peaceful existence away from the hustle of busy cities price would be a minor decision at Omaxe New Chandigarh Villas. The township boasts of amenities such as shopping complex, school, and amusement parks within the area to provide hassle-free living experience.",1,east,0,2,1,1,0,0,1,0,,0,1,0,0,,,,1.0,,,,,,,,,,,,
Patiala Road Zirakpur,800,2700000,INR,,1,1,It has an area of 800 sqft with a carpet area of 600 sqft . The property is available at a price of Rs. 27.00 lac (negotiable ). It is a semi-furnished property. The property is available on freehold. The property has 1 bathroom and 2 balconies. It is made in way to provide a comfortable living. It is situated in the proximity of all the important facilities. ,1,northeast,0,1,0,0,0,0,0,0,,0,0,0,0,,,,1.0,,,,,,,,,,,,
New Chandigarh Mullanpur,3600,26500000,INR,1,1,0,Well designed 4 bhk villa is available at a prime location in New Chandigarh Mullanpur. It has a built-up area of 3600 sqft and is priced at Rs. 2.65 cr . The house is semi-furnished. Its main door is facing northeast direction. The property is available on freehold. It has 3 bathrooms and 3 balconies. This residential property is ready-to-move-in. It is made in way to provide a comfortable living. The society is well connected by different modes of transportation. ,1,northeast,0,2,1,1,1,0,1,0,1.0,1,0,1,1,,,,1.0,,1.0,1.0,,1.0,,,1.0,,,1.0,1.0
Chandigarh Airport Area,1090,4990000,INR,,1,1,"It has a built-up area of 1090 sqft and is priced at Rs. 49.90 lac (negotiable). Furnishings include 3 wardrobe, 1 tv, 1 sofa, 1 ac, 3 bed and 1 modular kitchen. The property is available on freehold. It is a ready-to-move-in property. The society is well connected by different modes of transportation. If you are interested, please contact us for more details. ",1,east,1,0,1,0,1,0,1,0,,0,0,0,1,,,,1.0,,,1.0,,,,,1.0,,,1.0,1.0
Kharar Mohali,1700,3690000,INR,,1,1,"It’s a 2 bhk villa situated in Kharar Mohali. It has a built-up area of 1700 sqft and is priced at Rs. 36.90 lac (negotiable). The house is semi-furnished. It is north facing property. The property has 4 bathrooms and 3 balconies. It is a ready-to-move-in property. The time you'll spend here will become the greatest moment of your life that will also help you to relieve, relax & evoke a great sense of happiness. ",1,north,0,2,1,1,0,0,0,0,,0,0,0,0,,,,1.0,,,,,,,,,,,,
Mohali Sector 127,1900,7500000,INR,,1,1,"A spacious 3 bhk villa is available for sale in Mohali Sector 127, Chandigarh. It has a salable area of 1900 sqft and is available at a price of Rs. 3,947 per sqft. It is a ready-to-move-in property. The time you'll spend here will become the greatest moment of your life that will also help you to relieve, relax & evoke a great sense of happiness. The society is well connected by different modes of transportation. ",1,,0,2,0,0,0,0,0,0,,0,0,0,0,,,,,,,,,,,,,,,,
Kharar Mohali,1400,3680000,INR,,1,1,"Well designed 4 bhk villa is available at a prime location in Kharar Mohali. Furnishings include 4 wardrobe, 1 tv, 1 ac, 3 bed and 1 modular kitchen. Its main door is facing east direction. The property is available on freehold. The time you'll spend here will become the greatest moment of your life that will also help you to relieve, relax & evoke a great sense of happiness. The site is in close proximity to various civic utilities. ",1,east,0,1,1,0,0,0,0,0,,0,0,0,0,,,,1.0,1.0,,1.0,,,,1.0,1.0,,,1.0,1.0
Mullanpur,4500,29650000,INR,1,1,1,"Omaxe Mulberry Villas in Chandigarh are designed to offer delightful living experience and a great lifestyle. The Villas are enriched with luxurious amenities. The houses are modern and unique, laden with the best of facilities to soothe the living experience. The villas have smooth Italian marble flooring.The master bedroom is encompassed with laminated wooden flooring to give you the touch of nature and royalty. The modular kitchen can entice anyone to turn culinary artist with the designed perfection. The green lawns lay wide surrounding your villa, coaxing the villa amidst the beauty of nature. The luxurious experience in the bathroom is studded by its European style, making it to the epitome of desires.The destination is surrounded by facilities and amenities which would make life simpler and more comfortable. The superb connectivity reduces the hassle of the commute from any part of the city. Compared to the multitude of amenities and a peaceful existence away from the hustle of busy cities price would be a minor decision at Omaxe New Chandigarh Villas. The township boasts of amenities such as shopping complex, school, and amusement parks within the area to provide hassle-free living experience.",1,east,0,0,1,1,0,1,1,1,,0,1,0,0,,,,1.0,,,,,,,,,,,,
Mohali Sec 79,8500,80000000,INR,,1,0,"A spacious 5 bhk villa is available for sale in Mohali Sec 79, Chandigarh. It has an area of 8500 sqft with a carpet area of 500 sqft . The property is available at a price of Rs. 8.00 cr . It is a furnished property. Furnishings include 1 refrigerator, 1 sofa, 1 washing machine, 1 microwave, 1 dining table, 1 gas connection, 1 modular kitchen, 5 wardrobe, 5 bed, 5 ac and 2 tv. One of the major USPs of the property is that it is a garden facing property. The property is available on freehold. It is made in way to provide a comfortable living. The society is well connected by different modes of transportation. Contact us for more details. ",1,northeast,1,0,1,1,1,1,0,1,1.0,1,0,1,1,,,,1.0,1.0,1.0,,1.0,1.0,1.0,,1.0,,,1.0,1.0
Kharar Mohali,1094,5490000,INR,,1,1,"spanish villas prime located Chd - kharar -kurali highway , gated township , two tier security , 24 hours cctv camera fully Equipped Modular kitchen , nearby chandigarh universty 5 min draving distance , school 5 mint walking distance , led steetlight , green park all aminets , club house , stp plant , gopal sweet 10 min draving distance , sub way 5 mint dravind distance , vaastu frandly socity , internatinal air por with in 10 mint draving distance",1,east,0,1,1,0,0,1,1,0,,0,0,0,0,,,,1.0,,,,,,,,,,,,
PEER MUCHALLA ADJOING SEC 20 PANCHKULA,1200,6500000,INR,1,1,1,"It has a salable area of 1200 sqft and is available at a price of Rs. 5,416 per sqft. It is a semi-furnished property. The property is available on freehold. The property has 3 bathrooms and 3 balconies. It is made in way to provide a comfortable living. The society is well connected by different modes of transportation. If you are interested, please contact us for more details. ",1,east,0,1,1,0,0,0,0,0,,0,0,0,0,,,,1.0,,,,,,,,,,,,
Airport Road,1100,4990000,INR,,1,1,"3 bhk kothi for sale ready to move in in in affordable price
• Modern spacious kitchen with luxury fitting and finishing.
•Spacious bedrooms with luxury attached washroom.
•3 main road connectivity+ other more facilities available for your comfort
Loan available 90%
booking amount 21000

Contact for more information",1,east,1,0,1,0,0,0,1,0,,0,0,0,1,,,,1.0,,,1.0,,,,,1.0,,,1.0,1.0
Mullanpur New Chandigarh,4500,39500000,INR,1,1,1,"Omaxe Mulberry Villas in Chandigarh are designed to offer delightful living experience and a great lifestyle. The Villas are enriched with luxurious amenities with the villas in the township spread over 4500 sq ft. The houses are modern and unique, laden with the best of facilities to soothe the living experience. The villas have smooth Italian marble flooring.The master bedroom is encompassed with laminated wooden flooring to give you the touch of nature and royalty. The modular kitchen can entice anyone to turn culinary artist with the designed perfection. The green lawns lay wide surrounding your villa, coaxing the villa amidst the beauty of nature. The luxurious experience in the bathroom is studded by its European style, making it to the epitome of desires.The destination is surrounded by facilities and amenities which would make life simpler and more comfortable. The superb connectivity reduces the hassle of the commute from any part of the city. Compared to the multitude of amenities and a peaceful existence away from the hustle of busy cities price would be a minor decision at Omaxe New Chandigarh Villas. The township boasts of amenities such as shopping complex, school, and amusement parks within the area to provide hassle-free living experience.",1,east,1,3,1,1,0,0,1,1,,0,1,0,0,,,,1.0,,,,,,,,,,,,
Chandigarh Road,720,1900000,INR,1,1,1,,1,,0,3,0,0,0,0,0,0,,0,0,0,0,,,,,,,,,,,,,,,,
Zirakpur GAzipur Road,900,3700000,INR,,1,1,"It has an area of 900 sqft with a carpet area of 800 sqft . The property is available at a price of Rs. 37.00 lac (negotiable ). The house is semi-furnished. It is northeast facing property. It has 2 bathrooms and 2 balconies. This residential property is ready-to-move-in. It is made in way to provide a comfortable living for the residents. The society is well connected by different modes of transportation. If you are interested, please contact us for more details. ",1,northeast,0,1,1,0,0,0,0,0,,0,0,0,0,,,,1.0,,,,,,,,,,,,
Zirakpur GAzipur Road,900,3700000,INR,,1,1,"A spacious 2 bhk villa is available for sale in Zirakpur GAzipur Road, Chandigarh. It has an area of 900 sqft with a carpet area of 800 sqft . The property is available at a price of Rs. 37.00 lac (negotiable ). It is a semi-furnished property. It is a road facing property. The property has 2 bathrooms and 2 balconies. It is a ready-to-move-in property. It is made in way to provide a comfortable living for the residents. It is well connected to the city areas. Kindly call us for details. ",1,northeast,0,1,1,1,0,0,0,0,,0,0,0,0,,,,1.0,,,,,,,,,,,,
Mohali Sec 125,945,5200000,INR,1,1,1,"A spacious 3 bhk villa is available for sale in Mohali Sec 125, Chandigarh. It has a salable area of 945 sqft and is available at a price of Rs. 5,502 per sqft. It is a semi-furnished property. It is facing northeast direction. The property is available on freehold. The property has 3 bathrooms and 3 balconies. It is a ready-to-move-in property. The time you'll spend here will become the greatest moment of your life that will also help you to relieve, relax & evoke a great sense of happiness. The site is in close proximity to various civic utilities. Kindly call us for details. ",1,northeast,0,2,1,1,1,0,1,1,,0,1,1,0,,,,1.0,1.0,,,,1.0,,1.0,1.0,,1.0,1.0,1.0
Kharar Mohali,844,4700000,INR,,1,1,"A 3 bhk property is available for sale in Kharar Mohali, Chandigarh. It has a built-up area of 844 sqft and is priced at Rs. 47.00 lac (negotiable). The house is semi-furnished. It is facing northeast direction. The property is available on freehold. It has 3 bathrooms and 3 balconies. This residential complex is under-construction as of now. The expected completion date is 24/12/2020. It is made in way to provide a comfortable living. It is well connected to the city areas. If you are interested, please contact us for more details. ",1,northeast,0,0,1,1,0,0,0,0,,0,0,0,1,,,,1.0,,,1.0,,,,,1.0,,1.0,1.0,1.0
Mohali Sec 125,945,5200000,INR,1,1,1,"It’s a 3 bhk villa situated in Mohali Sec 125. It has a salable area of 945 sqft and is available at a price of Rs. 5,502 per sqft. It is a semi-furnished property. It has hospital as well as car parking. The project also has atm, 24 x 7 security, school and jogging track. The property provides an excellent view as it overlooks the garden. The property is available on freehold. The property has 3 bathrooms and 3 balconies. This residential property is ready-to-move-in. The time you'll spend here will become the greatest moment of your life that will also help you to relieve, relax & evoke a great sense of happiness. It is situated in the proximity of all the important facilities. Contact us for more details. ",1,northeast,0,2,1,1,1,0,1,1,1.0,0,1,1,1,,,,1.0,1.0,1.0,,,1.0,,1.0,1.0,,1.0,1.0,1.0
Mohali Sec 125,990,5200000,INR,1,1,1,"It’s a 3 bhk villa situated in Mohali Sec 125, Chandigarh. It has an area of 990 sqft . The property is available at a price of Rs. 52.00 lac (negotiable ). The house is semi-furnished. It is northeast facing property. The property has 3 bathrooms and 3 balconies. This residential property is ready-to-move-in. ",1,northeast,0,1,1,1,0,0,0,0,,0,0,0,1,,,,,,,,,,,,1.0,,,1.0,1.0
Kharar Mohali,1400,3680000,INR,,1,1,"?? Roads : 
 Approach road : 60 ft.approved
 Entrance Road : 35ft. 
 Internal Road :30ft.

 *OFFER INCLUDES* 

*Electric chimney in Kitchen* 

*AC Copper Pipes Installed in All rooms and drawing room*
*Branded Bath fittings* 
*Branded switches* 
*Branded wiring* 
*Double charge vitrified tiles* 
*False ceiling and lighting* 
*Huge Modular kitchen* 
*S S railing In Balconies* 
*3 cupboards*
* premium quality wall tiles in bathrooms* 

 

 *Gated Community* 
 *24*7 Water Supply* 
 *24*7 Security* 

 

 *Bank loan available from All Leading Banks* 

 *Fully Developed Area* 
 *Full fledged market* 
 *Nearby Developed Locality* 
*Avail* *Pradhan* *Mantri* *Awaas* *Yojna* *Benefits* *upto* *rs* *2.67* *lakhhh*",1,east,0,2,1,0,1,0,0,0,,1,0,0,0,,,,1.0,1.0,,1.0,,1.0,,1.0,1.0,,,1.0,1.0
Kharar Mohali,1100,3090000,INR,,1,1,"A spacious 2 bhk villa is available for sale in Kharar Mohali, Chandigarh. It has a built-up area of 1100 sqft and is priced at Rs. 30.90 lac (negotiable). It is a semi-furnished property. One of the major USPs of the property is that it is a garden facing property. It is made in way to provide a comfortable living for the residents. The society is well connected by different modes of transportation. Please contact for more details. ",1,east,0,1,1,0,0,0,0,0,,0,0,0,0,,,,1.0,1.0,,1.0,,,,1.0,1.0,,,1.0,1.0
Zirakpur GAzipur Road,900,3700000,INR,,1,1,"It’s a 2 bhk villa situated in Zirakpur GAzipur Road, Chandigarh. It has an area of 900 sqft with a carpet area of 750 sqft . The property is available at a price of Rs. 37.00 lac (negotiable ). The property is available on freehold. The property has 2 bathrooms and 2 balconies. This residential property is ready-to-move-in. The time you'll spend here will become the greatest moment of your life that will also help you to relieve, relax & evoke a great sense of happiness. It is well connected to the city areas. Please contact us for more details. ",1,northeast,0,1,1,1,0,0,0,0,,0,0,0,0,,,,1.0,,,,,,,,,,,,
Dera Bassi,1200,3500000,INR,,1,1,"Its main door is facing northeast direction. The property is available on freehold. It has 2 bathrooms and 2 balconies. It is made in way to provide a comfortable living for the residents. If you are interested, please contact us for more details. ",1,northeast,0,1,1,1,1,0,0,0,,0,0,0,0,7.1,,,1.0,,,,,,,1.0,,,,,
Patiala Road Zirakpur,850,3490000,INR,,1,1,"A spacious 2 bhk villa is available for sale in Patiala Road Zirakpur, Chandigarh. It has an area of 850 sqft with a carpet area of 800 sqft . The property is available at a price of Rs. 34.90 lac (negotiable ). It is a semi-furnished property. The property is available on freehold. It has 1 bathroom and 2 balconies. It is a ready-to-move-in property. The society is well connected by different modes of transportation. Kindly call us for details. ",1,northeast,0,0,0,0,0,0,0,0,,0,0,0,0,,,,,,,,,,,,,,,,
Zirakpur GAzipur Road,900,3700000,INR,,1,1,"It’s a 2 bhk villa situated in Zirakpur GAzipur Road, Chandigarh. It has a built-up area of 900 sqft and is priced at Rs. 37.00 lac (negotiable). It is a semi-furnished property. It has 2 bathrooms and 2 balconies. It is a ready-to-move-in property. The time you'll spend here will become the greatest moment of your life that will also help you to relieve, relax & evoke a great sense of happiness. The society is well connected by different modes of transportation. Please contact for more details. ",1,northeast,0,1,0,0,0,0,0,0,,0,0,0,0,,,,1.0,,,,,,,,,,,,
Mohali Sec 124,1500,7180000,INR,,1,1,"We’re delighted to showcase our Premium Residential Project (AERO VILLAS) Situated on 200 Feet International Airport Road, Sector-123, Mohali in the close vicinity of Chandigarh and just minutes away from International Airport.

Here are some of the features which makes *AERO VILLAS* stand out -

Located just 300Mtr from International Airport Road.
Gated Secured Society with 24*7 survillance.

FEATURES AND AMENITIES:--

??Fully Equipped Modular Kitchen.
??Modular Wardrobes having HDHMR sheets in All Bedrooms
??Texture paint/wallpaper/POP finish in Living cum dining area.
?? Modular Touch control switches (Goldmedal), Provision, point for fans & Exhaust fan etc.
?? Washrooms with branded Fittings (KOHLER)
?? Covered Wiring for DTH, Telephone.
?? Spacious balconies with Anti Skid Tiles.
?? Split AC Provision in villas.
?? Branded Doors.
?? Secured Gated society with hi-tech security
?? CCTV Monitoring for Entire Complex.
?? Free Car parking for residents.
?? Underground wire & cabling.
?? 2.5 Acres Sectorial Park & Lush Green Garden with Kids Play Area.
?? With Spacious drawing cum dining area.
?? 24x7 Power Electricity & Water Supply.
?? Home Loan available from almost all Nationalised Banks.

?? ready to move in in VILLAS


?Kindly go through the details and let me know if you have any questions.
?Book your LUXURY VILLA today at a very affordable price to get maximum benefits.",1,northeast,0,0,0,0,0,0,0,0,,0,0,0,0,,,,,,,,,,,,,,,,
Dera Bassi,1100,3190000,INR,,1,1,One of the major USPs of the property is that it is a road facing property. The property is available on freehold. It has 2 bathrooms and 2 balconies. This residential property is ready-to-move-in. It is made in way to provide a comfortable living. The society is well connected by different modes of transportation. ,1,northeast,0,1,1,1,0,0,0,0,,0,0,1,0,7.1,,123.0,1.0,,,,,,,,,,,,
Dera Bassi,1000,3190000,INR,,1,1,"Well designed 2 bhk villa is available at a prime location in Buildcon Vasant Vihar. It has a salable area of 1000 sqft and is available at a price of Rs. 3,190 per sqft. It is facing northeast direction. The time you'll spend here will become the greatest moment of your life that will also help you to relieve, relax & evoke a great sense of happiness. Kindly call us for details. ",1,northeast,0,1,1,1,0,0,0,0,,0,0,0,0,7.1,,123.0,1.0,,,,,,,,,,,,
Zirakpur GAzipur Road,900,3700000,INR,,1,1,"A 2 bhk property is available for sale in Zirakpur GAzipur Road, Chandigarh. It has an area of 900 sqft with a carpet area of 700 sqft . The property is available at a price of Rs. 37.00 lac (negotiable ). The house is semi-furnished. It is northeast facing property. The property is available on freehold. The property has 2 bathrooms and 2 balconies. This residential complex is under-construction as of now. The expected completion date is 12/01/2022. It is made in way to provide a comfortable living for the residents. It is well connected to the city areas. If you are interested, please contact us for more details. ",1,northeast,0,0,1,1,0,0,0,0,,0,0,0,0,,,,1.0,,,,,,,,,,,,
Kharar Mohali,1500,7180000,INR,,1,1,"We’re delighted to showcase our Premium Residential Project (AERO VILLAS) Situated on 200 Feet International Airport Road, Sector-123, Mohali in the close vicinity of Chandigarh and just minutes away from International Airport.

Here are some of the features which makes *AERO VILLAS* stand out -

Located just 300Mtr from International Airport Road.
Gated Secured Society with 24*7 survillance.

FEATURES AND AMENITIES:--

??Fully Equipped Modular Kitchen.
??Modular Wardrobes having HDHMR sheets in All Bedrooms
??Texture paint/wallpaper/POP finish in Living cum dining area.
?? Modular Touch control switches (Goldmedal), Provision, point for fans & Exhaust fan etc.
?? Washrooms with branded Fittings (KOHLER)
?? Covered Wiring for DTH, Telephone.
?? Spacious balconies with Anti Skid Tiles.
?? Split AC Provision in villas.
?? Branded Doors.
?? Secured Gated society with hi-tech security
?? CCTV Monitoring for Entire Complex.
?? Free Car parking for residents.
?? Underground wire & cabling.
?? 2.5 Acres Sectorial Park & Lush Green Garden with Kids Play Area.
?? With Spacious drawing cum dining area.
?? 24x7 Power Electricity & Water Supply.
?? Home Loan available from almost all Nationalised Banks.

?? ready to move in in VILLAS


?Kindly go through the details and let me know if you have any questions.
?Book your LUXURY VILLA today at a very affordable price to get maximum benefits.",1,east,0,0,0,0,0,0,0,0,,0,0,0,0,,,,,,,,,,,,,,,,
Kharar Mohali,1550,3980000,INR,,1,1,"Well designed 4 bhk villa is available at a prime location in Kharar Mohali. It has an area of 1550 sqft with a carpet area of 1500 sqft . The property is available at a price of Rs. 39.80 lac (negotiable ). It has 4 wardrobe, 1 tv, 1 ac and 2 bed. It also has 1 modular kitchen. The property is available on freehold. It has 4 bathrooms and 2 balconies. It is a ready-to-move-in property. If you are interested, please contact us for more details. ",1,east,0,1,1,0,0,0,0,0,,0,0,0,0,,,,1.0,1.0,,1.0,,,,1.0,1.0,,,1.0,1.0
Kharar Mohali,1000,2900000,INR,,1,1,"It’s a 2 bhk villa situated in Kharar Mohali. It has an area of 1000 sqft with a carpet area of 950 sqft . The property is available at a price of Rs. 29.00 lac (negotiable ). The house is semi-furnished. It has 2 wardrobe, 1 tv, 1 ac and 2 bed. It also has 1 modular kitchen. It is a road facing property. The property is available on freehold. The property has 2 bathrooms and 2 balconies. It is a ready-to-move-in property. It is made in way to provide a comfortable living. The site is in close proximity to various civic utilities. Kindly call us for details. ",1,east,0,0,0,0,0,0,0,0,,0,0,0,0,,,,,,,,,,,,,,,,
Zirakpur GAzipur Road,900,3700000,INR,,1,1,"A spacious 2 bhk villa is available for sale in Zirakpur GAzipur Road, Chandigarh. It has an area of 900 sqft with a carpet area of 750 sqft . The property is available at a price of Rs. 37.00 lac (negotiable ). The house is semi-furnished. It is northeast facing property. The property is available on freehold. It is made in way to provide a comfortable living. It is well connected to the city areas. Kindly call us for details. ",1,northeast,0,0,1,1,0,0,0,0,,0,0,0,0,,,,1.0,,,,,,,,,,,,
Dera Bassi,1100,3190000,INR,,1,1,"A 2 bhk property is available for sale in Buildcon Vasant Vihar, Dera Bassi, Chandigarh. It is a semi-furnished property. One of the major USPs of the property is that it is a road facing property. The property has 2 bathrooms and 2 balconies. The time you'll spend here will become the greatest moment of your life that will also help you to relieve, relax & evoke a great sense of happiness. Please contact us for more details. ",1,northeast,0,1,1,1,0,0,0,0,,0,0,0,0,7.1,,123.0,1.0,,,,,,,,,,,,
Kharar Mohali,1250,4460000,INR,,1,1,"It’s a 2 bhk villa situated in Kharar Mohali. It has a salable area of 1250 sqft and is available at a price of Rs. 3,568 per sqft. It is a semi-furnished property. It has 2 wardrobe, 1 tv, 2 ac and 2 bed. It also has 1 modular kitchen. One of the major USPs of the property is that it is a road facing property. The property is available on freehold. It has 2 bathrooms and 2 balconies. This residential property is ready-to-move-in. It is made in way to provide a comfortable living for the residents. It is well connected to the city areas. Please contact for more details. ",1,northwest,0,0,0,0,0,0,0,0,,0,0,0,0,,,,,,,,,,,,,,,,
Kharar Mohali,1250,4450000,INR,,1,1,"Well designed 2 bhk villa is available at a prime location in Kharar Mohali. It has a salable area of 1250 sqft and is available at a price of Rs. 3,560 per sqft. The house is semi-furnished. Furnishings include 2 wardrobe, 1 tv, 2 ac, 2 bed and 1 modular kitchen. It is facing northeast direction. The property is available on freehold. It has 2 bathrooms and 2 balconies. This residential property is ready-to-move-in. It is made in way to provide a comfortable living. It is situated in the proximity of all the important facilities. Contact us for more details. ",1,northeast,0,0,0,0,0,0,0,0,,0,0,0,0,,,,,,,,,,,,,,,,
New Chandigarh Mullanpur,3240,31960000,INR,0,1,1,Its main door is facing northeast direction. This residential complex is under-construction as of now. The expected completion date is 15/07/2021. It is made in way to provide a comfortable living for the residents. The society is well connected by different modes of transportation. Kindly call us for details. ,1,northeast,0,0,1,1,1,0,1,1,1.0,1,1,1,1,,,,1.0,1.0,1.0,1.0,1.0,1.0,1.0,1.0,1.0,,1.0,1.0,1.0
New Chandigarh Mullanpur,2340,22019300,INR,0,1,1,"This spacious 4 bhk villa is available for sale and is located in the heart of New Chandigarh Mullanpur. It has a salable area of 2340 sqft and is available at a price of Rs. 9,409 per sqft. The house is semi-furnished. The property provides an excellent view as it is a corner property. The property is available on freehold. The property has 4 bathrooms and 4 balconies. This residential complex is under-construction as of now. The expected completion date is 01/07/2021. The time you'll spend here will become the greatest moment of your life that will also help you to relieve, relax & evoke a great sense of happiness. It is situated in the proximity of all the important facilities. Kindly call us for details. ",1,northeast,0,0,1,1,1,0,1,1,1.0,1,1,1,1,,,,1.0,1.0,1.0,1.0,1.0,1.0,1.0,1.0,1.0,,1.0,1.0,1.0
Kharar Mohali,1225,4500000,INR,,1,0,"This spacious 2 bhk villa is available for sale and is located in the heart of Kharar Mohali. It has a built-up area of 1225 sqft and is priced at Rs. 45.00 lac . It is a semi-furnished property. It has 2 wardrobe, 1 tv, 2 ac and 2 bed. It also has 1 modular kitchen. Its main door is facing northeast direction. The property is available on freehold. It is a ready-to-move-in property. The time you'll spend here will become the greatest moment of your life that will also help you to relieve, relax & evoke a great sense of happiness. It is well connected to the city areas. Kindly call us for details. ",1,northeast,0,0,1,0,0,0,0,0,,0,0,0,0,,,,1.0,1.0,,1.0,,,,1.0,1.0,,,1.0,1.0
kharar landran road,1053,5690000,INR,,1,1,"villa palacio by divya developer spanish villas with ultra modern amenities private garden with each villa 3 tier security , club house with indoor games s gym , 24 hours power backup , dedicated car parking space Retail shops , abundant water supply , mind tree school 2 mins , sacred soul school 10 min walking distance , chandigarh university 5 min , ggs college of modern technology 1 min vaastu frandly",1,east,0,1,1,0,1,1,1,0,,0,0,0,1,,,,,,1.0,,,,,1.0,,,,,
Kurali Chandigarh Road,1053,5600000,INR,,1,1,"owen the spanish villas with ultra modern amenities amididst an ideal environment , private garden with each villa , 3 tier security , club house with indoor games s gym , 24 hours power backup dedicated car parking space , retail shops Abundant water supply , schools mind tree 1 mins walking distance , st .Ezra international school 3 mins , chandigarh university 5 mins , cgs college of modern technology 1 mins driving distance",1,east,0,1,1,1,0,1,1,0,,0,0,0,0,,,,1.0,,,,,,,,,,,,
PEER MUCHALLA ADJOING SEC 20 PANCHKULA,1000,5200000,INR,1,1,1,It’s a 3 bhk villa situated in PEER MUCHALLA ADJOING SEC 20 PANCHKULA. It has a built-up area of 1000 sqft and is priced at Rs. 52.00 lac (negotiable). One of the major USPs of the property is that it is a garden facing property. The property is available on freehold. It has 3 bathrooms and 3 balconies. This residential property is ready-to-move-in. It is made in way to provide a comfortable living for the residents. The society is well connected by different modes of transportation. Contact us for more details. ,1,east,0,1,1,0,0,0,0,0,,0,0,0,0,,,,1.0,,,,,,,,,,,,
PEER MUCHALLA ADJOING SEC 20 PANCHKULA,1350,6500000,INR,1,1,1,"It’s a 3 bhk villa situated in PEER MUCHALLA ADJOING SEC 20 PANCHKULA. It has a salable area of 1350 sqft and is available at a price of Rs. 4,814 per sqft. It is a semi-furnished property. It is east facing property. The property is available on freehold. It is a ready-to-move-in property. It is made in way to provide a comfortable living for the residents. The society is well connected by different modes of transportation. ",1,east,0,1,1,0,0,0,0,0,,0,0,0,0,,,,1.0,,,,,,,,,,,,
Mohali Village,1200,2390000,INR,,1,0,"A 2 bhk property is available for sale in Plots, Mohali Village, Chandigarh. It has an area of 1200 sqft with a carpet area of 1100 sqft . The property is available at a price of Rs. 23.90 lac . The house is unfurnished. It is made in way to provide a comfortable living for the residents. Please contact for more details. ",1,,0,1,0,0,0,0,0,0,,0,0,0,0,,,123.0,,,,,,,,,,,,,
PEER MUCHALLA ADJOING SEC 20 PANCHKULA,1550,7800000,INR,1,1,1,"It has a salable area of 1550 sqft and is available at a price of Rs. 5,032 per sqft. It is a semi-furnished property. This residential property is ready-to-move-in. It is made in way to provide a comfortable living. The society is well connected by different modes of transportation. Contact us for more details. ",1,east,0,1,0,0,0,0,0,0,,0,0,0,0,,,,1.0,,,,,,,,,,,,
PEER MUCHALLA ADJOING SEC 20 PANCHKULA,1200,5200000,INR,1,1,0,"A 3 bhk property is available for sale in PEER MUCHALLA ADJOING SEC 20 PANCHKULA, Chandigarh. The house is semi-furnished. Its main door is facing east direction. The property is available on freehold. This residential property is ready-to-move-in. The time you'll spend here will become the greatest moment of your life that will also help you to relieve, relax & evoke a great sense of happiness. The society is well connected by different modes of transportation. Please contact for more details. ",1,east,0,1,1,0,0,0,0,0,,0,0,0,0,,,,1.0,,,,,,,,,,,,
Mohali Sector 127,850,4190000,INR,,1,1,"Well designed 3 bhk villa is available at a prime location in Mohali Sector 127. The house is furnished. Furnishings include 3 wardrobe, 1 tv, 1 sofa, 3 bed and 1 modular kitchen. One of the major USPs of the property is that it is a garden facing property. The property is available on freehold. It is made in way to provide a comfortable living. It is situated in the proximity of all the important facilities. If you are interested, please contact us for more details. ",1,east,1,0,1,0,1,0,1,0,,0,0,0,1,,,,1.0,,,1.0,,,,,1.0,,,1.0,1.0
SEC 115 MOHALI KHARAR LANDRAN ROAD,1035,4600000,INR,,1,1,"It has a salable area of 1035 sqft and is available at a price of Rs. 4,444 per sqft. It is a corner property. The property is available on freehold. It has 3 bathrooms and 2 balconies. This residential property is ready-to-move-in. The time you'll spend here will become the greatest moment of your life that will also help you to relieve, relax & evoke a great sense of happiness. The society is well connected by different modes of transportation. If you are interested, please contact us for more details. ",1,northeast,0,0,1,1,1,0,0,0,,0,1,1,0,,,,1.0,,,,,,,,,,,,
Patiala Road Zirakpur,700,2700000,INR,,1,1,"It’s a 1 bhk villa situated in Patiala Road Zirakpur, Chandigarh. It has an area of 700 sqft with a carpet area of 550 sqft . The property is available at a price of Rs. 27.00 lac (negotiable ). The property provides an excellent view as it is a corner property. The property has 1 bathroom and 1 balcony. It is a ready-to-move-in property. It is made in way to provide a comfortable living for the residents. It is well connected to the city areas. Contact us for more details. ",1,northeast,0,0,0,1,0,0,0,0,,0,0,0,0,,,,1.0,,,,,,,,,,,,
Zirakpur GAzipur Road,700,3700000,INR,,1,1,"The house is semi-furnished. The property provides an excellent view as it is a corner property. The property is available on freehold. The time you'll spend here will become the greatest moment of your life that will also help you to relieve, relax & evoke a great sense of happiness. Please contact for more details. ",1,northeast,0,1,1,0,0,0,0,0,,0,0,0,0,,,,1.0,,,,,,,,,,,,
Zirakpur punjab,900,3700000,INR,,1,1,Well designed 2 bhk villa is available at a prime location in Zirakpur punjab. It has an area of 900 sqft with a carpet area of 750 sqft . The property is available at a price of Rs. 37.00 lac (negotiable ). It is a semi-furnished property. The property is available on freehold. It has 2 bathrooms and 2 balconies. It is a ready-to-move-in property. It is made in way to provide a comfortable living for the residents. The society is well connected by different modes of transportation. Please contact for more details. ,1,northeast,0,1,1,0,0,0,0,0,,0,0,0,0,,,,1.0,,,,,,,,,,,,
Zirakpur GAzipur Road,530,2990000,INR,,1,1,"It’s a 1 bhk villa situated in Zirakpur GAzipur Road. It has a salable area of 530 sqft and is available at a price of Rs. 5,641 per sqft. It is a semi-furnished property. The property provides an excellent view as it overlooks the road. The property is available on freehold. It has 1 bathroom and 2 balconies. It is a ready-to-move-in property. It is made in way to provide a comfortable living for the residents. It is situated in the proximity of all the important facilities. Please contact us for more details. ",1,northeast,0,0,1,1,0,0,0,0,,0,0,0,0,,,,1.0,,,,,,,,,,,,
Mullanpur New Chandigarh,4500,41058700,INR,1,1,1,"Omaxe Mulberry Villas in Chandigarh are designed to offer delightful living experience and a great lifestyle. The Villas are enriched with luxurious amenities with the villas in the township spread over 4500 sq ft. The houses are modern and unique, laden with the best of facilities to soothe the living experience. The villas have smooth Italian marble flooring.The master bedroom is encompassed with laminated wooden flooring to give you the touch of nature and royalty. The modular kitchen can entice anyone to turn culinary artist with the designed perfection. The green lawns lay wide surrounding your villa, coaxing the villa amidst the beauty of nature. The luxurious experience in the bathroom is studded by its European style, making it to the epitome of desires.The destination is surrounded by facilities and amenities which would make life simpler and more comfortable. The superb connectivity reduces the hassle of the commute from any part of the city. Compared to the multitude of amenities and a peaceful existence away from the hustle of busy cities price would be a minor decision at Omaxe New Chandigarh Villas. The township boasts of amenities such as shopping complex, school, and amusement parks within the area to provide hassle-free living experience.",1,east,0,2,1,1,0,0,1,1,,0,1,0,0,,,,1.0,,,,,,,,,,,,
Zirakpur GAzipur Road,1000,4200000,INR,,1,1,"It has a built-up area of 1000 sqft and is priced at Rs. 42.00 lac (negotiable). The house is semi-furnished. The property is available on freehold. It has 2 bathrooms and 2 balconies. This residential complex is under-construction as of now. The expected completion date is 15/08/2022. The time you'll spend here will become the greatest moment of your life that will also help you to relieve, relax & evoke a great sense of happiness. Contact us for more details. ",1,northeast,0,0,1,1,1,0,0,0,,0,0,0,0,,,,1.0,,,,,,,,,,,,
Patiala Road Zirakpur,700,2700000,INR,,1,1,"It’s a 1 bhk villa situated in Patiala Road Zirakpur, Chandigarh. It has a built-up area of 700 sqft and is priced at Rs. 27.00 lac (negotiable). It is a semi-furnished property. It is facing northeast direction. The property is available on freehold. The property has 1 bathroom and 2 balconies. This residential property is ready-to-move-in. Kindly call us for details. ",1,northeast,0,1,0,0,0,0,0,0,,0,0,0,0,,,,1.0,,,,,,,,,,,,
Zirakpur GAzipur Road,900,3700000,INR,,1,1,"Well designed 2 bhk villa is available at a prime location in Zirakpur GAzipur Road. It has a built-up area of 900 sqft and is priced at Rs. 37.00 lac (negotiable). It is a semi-furnished property. It is northeast facing property. The property is available on freehold. It has 2 bathrooms and 2 balconies. It is a ready-to-move-in property. The time you'll spend here will become the greatest moment of your life that will also help you to relieve, relax & evoke a great sense of happiness. It is situated in the proximity of all the important facilities. ",1,northeast,0,1,1,0,0,0,0,0,,0,0,0,0,,,,1.0,,,,,,,,,,,,
Mohali Sector 127,850,4190000,INR,,1,1,It is a furnished property. The property is available on freehold. The property has 3 bathrooms and 2 balconies. This residential property is ready-to-move-in. It is made in way to provide a comfortable living for the residents. It is well connected to the city areas. Please contact us for more details. ,1,east,1,0,1,0,0,0,1,0,,0,0,0,1,,,,1.0,,,1.0,,,,,1.0,,,1.0,1.0
Mohali Sector 127,950,4590000,INR,,1,1,"It’s a 3 bhk villa situated in Mohali Sector 127, Chandigarh. It has a built-up area of 950 sqft and is priced at Rs. 45.90 lac (negotiable). It is a furnished property. The property provides an excellent view as it overlooks the garden. The property is available on freehold. The property has 3 bathrooms and 2 balconies. This residential property is ready-to-move-in. Contact us for more details. ",1,east,1,0,1,0,1,1,1,0,,0,0,0,1,,,,1.0,,,,,1.0,,,1.0,,,1.0,1.0
kharar landran road,850,4190000,INR,,1,1,"3 bhk kothi for sale ready to move in in in affordable price
• Modern spacious kitchen with luxury fitting and finishing.
•Spacious bedrooms with luxury attached washroom.
•3 main road connectivity+ other more facilities available for your comfort
Loan available 90%
booking amount 21000

Contact for more information",1,east,1,0,1,0,0,0,1,0,,0,0,0,1,,,,1.0,,,1.0,,,,,1.0,,,1.0,1.0
Chandigarh Airport Area,850,4590000,INR,,1,1,"It’s a 3 bhk villa situated in Chandigarh Airport Area, Chandigarh. It has a built-up area of 850 sqft and is priced at Rs. 45.90 lac (negotiable). The house is furnished. Furnishings include 3 wardrobe, 1 tv, 1 sofa, 3 bed and 1 modular kitchen. The property provides an excellent view as it overlooks the garden. The property is available on freehold. It is made in way to provide a comfortable living for the residents. The site is in close proximity to various civic utilities. If you are interested, please contact us for more details. ",1,east,1,0,1,0,0,0,1,0,,0,0,0,1,,,,1.0,,,1.0,,,,,1.0,,,1.0,1.0
Airport Road,950,4590000,INR,,1,1,"3 bhk kothi for sale ready to move in in in affordable price
• Modern spacious kitchen with luxury fitting and finishing.
•Spacious bedrooms with luxury attached washroom.
•3 main road connectivity+ other more facilities available for your comfort
Loan available 90%
booking amount 21000

Contact for more information",1,east,1,0,1,0,0,0,1,0,,0,0,0,1,,,,1.0,,,1.0,,,,,1.0,,,1.0,1.0
Airport Road,1090,6190000,INR,,1,1,"It’s a 3 bhk villa situated in Airport Road, Chandigarh. It has an area of 1090 sqft with a carpet area of 1065 sqft . The property is available at a price of Rs. 61.90 lac (negotiable ). The house is furnished. It has 3 wardrobe, 1 tv, 1 sofa and 3 bed. It also has 1 modular kitchen. It is a garden facing property. The property is available on freehold. The property has 3 bathrooms and 2 balconies. This residential property is ready-to-move-in. The time you'll spend here will become the greatest moment of your life that will also help you to relieve, relax & evoke a great sense of happiness. It is situated in the proximity of all the important facilities. Please contact for more details. ",1,east,1,0,1,0,1,0,1,0,,0,0,0,1,,,,1.0,,,1.0,,,,,1.0,,,1.0,1.0
kharar landran road,930,4590000,INR,,1,1,"A spacious 3 bhk villa is available for sale in kharar landran road, Chandigarh. Furnishings include 3 wardrobe, 1 tv, 1 sofa, 3 bed and 1 modular kitchen. One of the major USPs of the property is that it is a garden facing property. The property is available on freehold. It is a ready-to-move-in property. The time you'll spend here will become the greatest moment of your life that will also help you to relieve, relax & evoke a great sense of happiness. The society is well connected by different modes of transportation. ",1,northeast,1,0,1,0,1,0,1,0,,0,0,0,1,,,,1.0,,,1.0,,1.0,,,1.0,,,1.0,1.0
Airport Road,930,4990000,INR,,1,1,"This spacious 3 bhk villa is available for sale and is located in the heart of Airport Road. It has a built-up area of 930 sqft and is priced at Rs. 49.90 lac (negotiable). It is a furnished property. It has 3 wardrobe, 1 tv, 1 sofa and 3 bed. It also has 1 modular kitchen. Its main door is facing east direction. The property is available on freehold. It has 3 bathrooms and 2 balconies. This residential property is ready-to-move-in. It is made in way to provide a comfortable living for the residents. It is well connected to the city areas. ",1,east,1,0,1,0,0,0,1,0,,0,0,0,1,,,,1.0,,,1.0,,,,,1.0,,,1.0,1.0
SEC 115 MOHALI KHARAR LANDRAN ROAD,850,4590000,INR,,1,1,"It has 3 wardrobe, 1 tv, 1 sofa and 3 bed. It also has 1 modular kitchen. The property provides an excellent view as it overlooks the road. The property has 3 bathrooms and 2 balconies. The time you'll spend here will become the greatest moment of your life that will also help you to relieve, relax & evoke a great sense of happiness. It is situated in the proximity of all the important facilities. ",1,east,1,0,1,0,0,0,1,0,,0,0,0,1,,,,1.0,,,1.0,,,,,1.0,,,1.0,1.0
Mullanpur,4500,29725000,INR,1,1,1,"Omaxe Mulberry Villas in Chandigarh are designed to offer delightful living experience and a great lifestyle. The Villas are enriched with luxurious amenities. The houses are modern and unique, laden with the best of facilities to soothe the living experience. The villas have smooth Italian marble flooring.The master bedroom is encompassed with laminated wooden flooring to give you the touch of nature and royalty. The modular kitchen can entice anyone to turn culinary artist with the designed perfection. The green lawns lay wide surrounding your villa, coaxing the villa amidst the beauty of nature. The luxurious experience in the bathroom is studded by its European style, making it to the epitome of desires.The destination is surrounded by facilities and amenities which would make life simpler and more comfortable. The superb connectivity reduces the hassle of the commute from any part of the city. Compared to the multitude of amenities and a peaceful existence away from the hustle of busy cities price would be a minor decision at Omaxe New Chandigarh Villas. The township boasts of amenities such as shopping complex, school, and amusement parks within the area to provide hassle-free living experience.",1,east,0,0,1,1,0,1,1,1,,0,1,0,0,,,,1.0,,,,,,,,,,,,
Zirakpur GAzipur Road,535,2990000,INR,,1,1,"It’s a 1 bhk villa situated in Zirakpur GAzipur Road. It has a salable area of 535 sqft and is available at a price of Rs. 5,588 per sqft. The house is semi-furnished. It is a road facing property. The property is available on freehold. The property has 1 bathroom and 1 balcony. It is a ready-to-move-in property. It is made in way to provide a comfortable living. It is situated in the proximity of all the important facilities. Please contact for more details. ",1,northeast,0,0,1,1,0,0,0,0,,0,0,0,0,,,,1.0,,,,,,,,,,,,
Bhago Majra Road Kharar,900,2600000,INR,,1,0,"Well designed 2 bhk villa is available at a prime location in Bhago Majra Road Kharar. It has a built-up area of 900 sqft and is priced at Rs. 26.00 lac . The house is unfurnished. It is a ready-to-move-in property. The time you'll spend here will become the greatest moment of your life that will also help you to relieve, relax & evoke a great sense of happiness. It is situated in the proximity of all the important facilities. If you are interested, please contact us for more details. ",1,,0,2,0,0,0,0,0,0,,0,0,0,0,,,,,,,,,,,,,,,,
Kurali Chandigarh Road,1000,4790000,INR,,1,0,"Offering ? *Spanish Villas*?

Starting @47.90 onwards
Located on CHD-KHARAR-KURALI Highway(NH -21)

# Gated Township.

# Two Tier Security.

# 24 Hours CCTV

# Offering 170 Independent Duplex Villas in Phase 1.

# Fully Equipped Modular Kitchen.

# Chandigarh University & Rayat Bahara University nearby

# Mind Tree Smart School on Walk in Distance

# *Huge Rental Income* 

# *Unmatchable Price*

# Connected to National Highways NH-95 & NH-21

# Private Garden for every Villa 

# Land Scaped Gardens & Club House

# LED street Lights 

# STP


Lucrative Offers..book your dream home in green zone..",1,,0,2,0,0,0,0,0,0,,0,0,0,0,,,,,,,,,,,,,,,,
Ludhiana Chandigarh State Highway,800,2500000,INR,,1,0,"Villa for sale bagho magra ludaina Chandigarh kharar road... 
Gated society's... 
ready to move in in... 
All facility available.. 
Markets near to project... 
Water and electricity avaible... 
Well developed...",1,,0,2,0,0,0,0,0,0,,0,0,0,0,,,,,,,,,,,,,,,,
kharar landran road,900,3200000,INR,,1,0,"3bhk villa for sale sector 115 landra road mohali kharar.... 
Gated villa... 
ready to move in in... 
Water and electricity avaible... 
Read to move... 
On road project....",1,,0,2,0,0,0,0,0,0,,0,0,0,0,,,,,,,,,,,,,,,,
Kharar Mohali,1300,4100000,INR,,1,1,"This spacious 2 bhk villa is available for sale and is located in the heart of Kharar Mohali. It has an area of 1300 sqft with a carpet area of 1250 sqft . The property is available at a price of Rs. 41.00 lac (negotiable ). It is a semi-furnished property. Furnishings include 2 wardrobe, 1 tv, 2 ac, 2 bed and 1 modular kitchen. Its main door is facing northeast direction. The property is available on freehold. The property has 2 bathrooms and 2 balconies. It is a ready-to-move-in property. It is made in way to provide a comfortable living for the residents. It is situated in the proximity of all the important facilities. ",1,northeast,0,1,1,0,0,0,0,0,,0,0,0,0,,,,1.0,1.0,,,,,,1.0,1.0,,,1.0,1.0
kharar landran road,900,3500000,INR,,1,0,"A 3 bhk property is available for sale in kharar landran road, Chandigarh. It has an area of 900 sqft with a carpet area of 850 sqft . The property is available at a price of Rs. 35.00 lac . The house is unfurnished. The property has 3 bathrooms and 2 balconies. The time you'll spend here will become the greatest moment of your life that will also help you to relieve, relax & evoke a great sense of happiness. It is well connected to the city areas. Please contact for more details. ",1,,0,2,0,0,0,0,0,0,,0,0,0,0,,,,,,,,,,,,,,,,
Mohali Sec 124,1050,4000000,INR,,1,0,"A spacious 3 bhk villa is available for sale in Mohali Sec 124, Chandigarh. It has an area of 1050 sqft with a carpet area of 950 sqft . The property is available at a price of Rs. 40.00 lac . The house is unfurnished. The property has 3 bathrooms and 2 balconies. This residential property is ready-to-move-in. It is made in way to provide a comfortable living. It is well connected to the city areas. If you are interested, please contact us for more details. ",1,,0,2,0,0,0,0,0,0,,0,0,0,0,,,,,,,,,,,,,,,,
Mohali Sec 125,1250,5200000,INR,,1,0,It’s a 3 bhk villa situated in Mohali Sec 125. It has a built-up area of 1250 sqft and is priced at Rs. 52.00 lac . The house is unfurnished. It has 3 bathrooms and 3 balconies. It is made in way to provide a comfortable living. It is situated in the proximity of all the important facilities. ,1,,0,2,0,0,0,0,0,0,,0,0,0,0,,,,,,,,,,,,,,,,
Ludhiana Chandigarh State Highway,900,2990000,INR,,1,0,It’s a 3 bhk villa situated in Ludhiana Chandigarh State Highway. It is an unfurnished property. The property has 2 bathrooms and 2 balconies. It is situated in the proximity of all the important facilities. Please contact for more details. ,1,,0,2,0,0,0,0,0,0,,0,0,0,0,,,,,,,,,,,,,,,,
Kurali Chandigarh Road,1500,4400000,INR,,1,0,"DUPLEX VILLA FOR SALE KURALI HIGH WAY NEAR TO CHANDIGARH... 
GATED SOCIETY... 
ON ROAD... 
GOOD LOCATION... 
WELL DEVELOPMENT.. 
WATER FACILITY... 
HOSPITAL AND collegeS NEAR THIS SOCIETY...",1,,0,2,0,0,0,0,0,0,,0,0,0,0,,,,,,,,,,,,,,,,
Sector115,950,3000000,INR,,1,0,"Villa for sale sector 115 landra kharar road.... 
Gated society... 
On road project... 
All emnities available.... 
3bed room
2 kitchen
..... 
Contact me.....",1,,0,0,0,0,0,0,0,0,,0,0,0,0,,,,,,,,,,,,,,,,
Sunny Enclave,1400,4390000,INR,,1,0,"Duplex villa for sale... 
Near to mohali... 
Gated society'... 
ready to move in in.. 
Well developed.... 
3bhk duplex villa..... 
Near to airport.... 
Gated society.... 
On road project....",1,,0,2,0,0,0,0,0,0,,0,0,0,0,,,,,,,,,,,,,,,,
Sunny Enclave,1250,4490000,INR,,1,0,"It’s a 3 bhk villa situated in Sunny Enclave. It has a salable area of 1250 sqft and is available at a price of Rs. 3,592 per sqft. The house is unfurnished. It has 3 bathrooms and 2 balconies. This residential property is ready-to-move-in. It is made in way to provide a comfortable living for the residents. The site is in close proximity to various civic utilities. Please contact for more details. ",1,,0,2,0,0,0,0,0,0,,0,0,0,0,,,,,,,,,,,,,,,,
Mohali Sector 127,1000,3990000,INR,,1,0,"It’s a 3 bhk villa situated in Mohali Sector 127, Chandigarh. It has an area of 1000 sqft with a carpet area of 900 sqft . The property is available at a price of Rs. 39.90 lac . The house is unfurnished. It is situated in the proximity of all the important facilities. Kindly call us for details. ",1,,0,2,0,0,0,0,0,0,,0,0,0,0,,,,,,,,,,,,,,,,
Mullanpur,4500,29725000,INR,1,1,1,"Omaxe Mulberry Villas in Chandigarh are designed to offer delightful living experience and a great lifestyle. The Villas are enriched with luxurious amenities. The houses are modern and unique, laden with the best of facilities to soothe the living experience. The villas have smooth Italian marble flooring.The master bedroom is encompassed with laminated wooden flooring to give you the touch of nature and royalty. The modular kitchen can entice anyone to turn culinary artist with the designed perfection. The green lawns lay wide surrounding your villa, coaxing the villa amidst the beauty of nature. The luxurious experience in the bathroom is studded by its European style, making it to the epitome of desires.The destination is surrounded by facilities and amenities which would make life simpler and more comfortable. The superb connectivity reduces the hassle of the commute from any part of the city. Compared to the multitude of amenities and a peaceful existence away from the hustle of busy cities price would be a minor decision at Omaxe New Chandigarh Villas. The township boasts of amenities such as shopping complex, school, and amusement parks within the area to provide hassle-free living experience.",1,east,0,0,1,1,0,1,1,0,,0,1,0,0,,,,1.0,,,,,,,,,,,,
Mullanpur,4500,40850000,INR,1,1,1,"Omaxe Mulberry Villas in Chandigarh are designed to offer delightful living experience and a great lifestyle. The Villas are enriched with luxurious amenities. The houses are modern and unique, laden with the best of facilities to soothe the living experience. The villas have smooth Italian marble flooring.The master bedroom is encompassed with laminated wooden flooring to give you the touch of nature and royalty. The modular kitchen can entice anyone to turn culinary artist with the designed perfection. The green lawns lay wide surrounding your villa, coaxing the villa amidst the beauty of nature. The luxurious experience in the bathroom is studded by its European style, making it to the epitome of desires.The destination is surrounded by facilities and amenities which would make life simpler and more comfortable. The superb connectivity reduces the hassle of the commute from any part of the city. Compared to the multitude of amenities and a peaceful existence away from the hustle of busy cities price would be a minor decision at Omaxe New Chandigarh Villas. The township boasts of amenities such as shopping complex, school, and amusement parks within the area to provide hassle-free living experience.",1,east,1,0,1,1,0,1,1,0,,0,1,0,0,,,,1.0,,,,,,,,,,,,
Mohali Sec 125,1125,6990000,INR,,1,1,"rady to move propty in mohali 125 near by 200 fit rod , prime location propty both side open propty , near by daly need sops in walking distance air port 10 min draving distance , kfc , burger king 10 min draving distance , vaastu frandly socity , 24*7 WATER SUPLI , SCHOOL , coligs 5 min draving distanc",1,east,0,0,1,1,1,0,1,1,,0,1,1,0,,,,1.0,1.0,,,,1.0,,1.0,1.0,,1.0,1.0,1.0
Kharar Mohali,936,4990000,INR,,1,1,"kharar kurali highway nh21 , gated town ship , 2 tire securty , 24 hours cctv camera , secuty gard avelabal , near by sub way , burgar king , gopal sweets , chandigarh universty 5 mint draving distance , park club house are avelabal ,",1,east,0,1,1,0,0,1,0,0,,0,0,0,0,,,,1.0,,,,,,,,,,,,
Kharar Mohali,846,4990000,INR,,1,0,"Rady to move propty, in chd kharar kurali, highway Nh _21 gated township two tire security, 24 hours Cctv, offering 170 independent duplex, villa in fully Equipped Modular kitchen, Chandigarh university, Rayat Bahart university nearby, Mind tree smart school walk in Distance, huge Rental income, Land Ecaped Gardenss House, Led street Lights",1,east,0,1,1,1,1,0,0,0,,0,0,0,0,,,,1.0,,,,,,,1.0,,,,,
Mohali Sector 127,990,4190000,INR,,1,1,"Rady to move villa, kharar mohali 
Gated society, 35 feet Rod, prime lookeshan, near by gillco school 
Cgc university, cu university, vaastu frandly socity",1,east,0,1,1,1,1,0,0,0,,0,0,0,0,,,,1.0,,,,,,,1.0,,,,,
