location,area,price,price_currency,status,new/resale,price_negotiable,description,security_deposit,facing,furnished,age of property,locality_score,project_score,builder_experience,Gymnasium,24 X 7 Security,Swimming Pool,Lift(s),Jogging Track,Club House,Landscaped Gardens,Rain Water Harvesting,Sports Facility,Car Parking,Children's play area,Full Power Backup,Vaastu Compliant,Indoor Games,Intercom,Maintenance Staff,Shopping Mall,Cafeteria,ATM,Multipurpose Room,School,Hospital,Golf Course,Staff Quarter
,,,,,,,,,,,0,,,,,,,,,,,,,,,,,,,,,,,,,,,
,,,,,,,,,,,0,,,,,,,,,,,,,,,,,,,,,,,,,,,
,,,,,,,,,,,0,,,,,,,,,,,,,,,,,,,,,,,,,,,
,,,,,,,,,,,0,,,,,,,,,,,,,,,,,,,,,,,,,,,
Eldeco II,800,4800000,INR,,0,0,"This spacious 2 bhk villa is available for sale and is located in Eldeco Group Saksham At Samridhi Udyan 2, one of the most prestigious projects of Eldeco II. It has an area of 900 sqft with a carpet area of 800 sqft . The property is available at a price of Rs. 48.00 lac . It is a semi-furnished property. It is facing northeast direction. It is a ready-to-move-in property. The society is well connected by different modes of transportation. Contact us for more details. ",1,northeast,0,0,8.7,,15.0,0.0,0.0,0.0,0.0,0.0,0.0,0.0,1.0,1.0,1.0,1.0,1.0,,,,,,,,,,,,
Nilmatha,1500,7000000,INR,,0,0,This spacious 3 bhk villa is available for sale and is located in the heart of Nilmatha. It has a built-up area of 1500 sqft and is priced at Rs. 70.00 lac . It is a semi-furnished property. It is a 4 year old ready-to-move-in property. It is made in way to provide a comfortable living. The site is in close proximity to various civic utilities. Please contact us for more details. ,1,,0,4,,,,0.0,0.0,0.0,0.0,0.0,0.0,0.0,,0.0,,0.0,0.0,,,,,,,,,,,,
Chinhat,1450,4500000,INR,,0,0,It has an area of 1450 sqft with a carpet area of 850 sqft . The property is available at a price of Rs. 45.00 lac . It is a semi-furnished property. It is a 5 year old ready-to-move-in property. It is made in way to provide a comfortable living. The site is in close proximity to various civic utilities. Please contact us for more details. ,1,,0,5,7.7,,123.0,0.0,0.0,0.0,0.0,0.0,0.0,0.0,,0.0,,0.0,0.0,,,,,,,,,,,,
Lolai,1000,4300000,INR,,0,0,It has a built-up area of 1000 sqft and is priced at Rs. 43.00 lac . It is a semi-furnished property. It is a 4 year old ready-to-move-in property. It is made in way to provide a comfortable living for the residents. It is well connected to the city areas. ,1,,0,4,,,,0.0,0.0,0.0,0.0,0.0,0.0,0.0,,0.0,,0.0,0.0,,,,,,,,,,,,
CHINHAT TIRAHA,1500,9000000,INR,1,0,0,"A spacious 2 bhk villa is available for sale in CHINHAT TIRAHA, Lucknow. It has a salable area of 1500 sqft and is available at a price of Rs. 6,000 per sqft. It is a semi-furnished property. It is a 5 year old ready-to-move-in property. It is made in way to provide a comfortable living. The site is in close proximity to various civic utilities. Please contact for more details. ",1,,0,5,,,,0.0,0.0,0.0,0.0,0.0,0.0,0.0,,0.0,,0.0,0.0,,,,,,,,,,,,
Nijampur Malhaur,1200,3800000,INR,,0,0,"A spacious 2 bhk villa is available for sale in Nijampur Malhaur, Lucknow. The house is furnished. It is a 4 year old ready-to-move-in property. It is well connected to the city areas. Kindly call us for details. ",1,,1,4,,,,0.0,0.0,0.0,0.0,0.0,0.0,0.0,,0.0,,0.0,0.0,,,,,,,,,,,,
Sarai Shekh,1250,5200000,INR,,0,0,"It’s a 2 bhk villa situated in Sarai Shekh, Lucknow. It has a salable area of 1250 sqft and is available at a price of Rs. 4,160 per sqft. The house is furnished. It is a 4 year old ready-to-move-in property. It is made in way to provide a comfortable living for the residents. The society is well connected by different modes of transportation. Contact us for more details. ",1,,1,3,,,,0.0,0.0,0.0,0.0,0.0,0.0,0.0,,0.0,,0.0,0.0,,,,,,,,,,,,
Vrindavan Yojna,1640,5300000,INR,,0,0,Well designed 4 bhk villa is available at a prime location in Vrindavan Yojna. It has an area of 1640 sqft with a carpet area of 756 sqft . The property is available at a price of Rs. 53.00 lac . It is a semi-furnished property. It is a ready-to-move-in property. The society is well connected by different modes of transportation. Please contact us for more details. ,1,,0,0,8.1,,,0.0,0.0,0.0,0.0,0.0,0.0,0.0,,0.0,,0.0,0.0,,,,,,,,,,,,
Omaxe City,1400,3700000,INR,0,0,0,"A 3 bhk property is available for sale in Omaxe City, Lucknow. It is a semi-furnished property. Its main door is facing west direction. It is made in way to provide a comfortable living. Contact us for more details. ",1,west,0,0,,,,0.0,0.0,0.0,0.0,0.0,0.0,0.0,,0.0,,1.0,0.0,,,,,,,,,,,,
,,,,,,,,,,,0,,,,,,,,,,,,,,,,,,,,,,,,,,,
Matiyari,1320,6500000,INR,,0,0,"Well designed 2 bhk villa is available at a prime location in Matiyari. It has a built-up area of 1320 sqft and is priced at Rs. 65.00 lac . The house is semi-furnished. This residential property is ready-to-move-in. The time you'll spend here will become the greatest moment of your life that will also help you to relieve, relax & evoke a great sense of happiness. The site is in close proximity to various civic utilities. Please contact for more details. ",1,,0,0,,,,0.0,0.0,0.0,0.0,0.0,0.0,0.0,,0.0,,0.0,0.0,,,,,,,,,,,,
Alambagh,1150,3200450,INR,1,1,0,"It’s a 1 bhk villa situated in JSI Infra Developers Aalishan City, Alambagh. The house is unfurnished. It has jogging track. Other amenities include internal roads, landscape garden and tree planting, fountains and street lighting. It is a ready-to-move-in property. The time you'll spend here will become the greatest moment of your life that will also help you to relieve, relax & evoke a great sense of happiness. The society is well connected by different modes of transportation. ",1,,0,1,,,,0.0,0.0,0.0,0.0,1.0,0.0,0.0,,0.0,,0.0,0.0,,,,,,,,,,,,
Jankipuram,680,2750000,INR,1,1,0,"A spacious 2 bhk villa is available for sale in Hira Infra Group City, Jankipuram, Lucknow. It has 24x7 water supply as well as gated community. The project also has internal roads, car parking and cctv. This residential property is ready-to-move-in. It is made in way to provide a comfortable living for the residents. The society is well connected by different modes of transportation. ",1,,0,0,8.4,,,0.0,0.0,0.0,0.0,0.0,0.0,0.0,,0.0,1.0,0.0,0.0,1.0,,,,,,,,,,,
Mohanlalganj,2020,5900000,INR,,1,0,"A spacious 3 bhk villa is available for sale in Omaxe Limited Metro City, Mohanlalganj, Lucknow. It has a built-up area of 2020 sqft and is priced at Rs. 59.00 lac . The house is semi-furnished. It has cctv. Other amenities include children's play area and gated community. It is west facing property. This residential property is ready-to-move-in. It is made in way to provide a comfortable living. The society is well connected by different modes of transportation. Kindly call us for details. ",1,west,0,0,6.3,,35.0,1.0,1.0,1.0,1.0,1.0,1.0,1.0,1.0,0.0,1.0,1.0,1.0,1.0,1.0,1.0,1.0,,,,,,,,
Jankipuram,680,2750000,INR,1,1,0,"It’s a 2 bhk villa situated in Hira Infra Group City, Jankipuram, Lucknow. The house is unfurnished. It has car parking as well as internal roads. The project also has cctv, 24x7 water supply and gated community. This residential property is ready-to-move-in. It is made in way to provide a comfortable living. It is well connected to the city areas. Contact us for more details. ",1,,0,0,8.4,,,0.0,0.0,0.0,0.0,0.0,0.0,0.0,,0.0,1.0,0.0,0.0,1.0,,,,,,,,,,,
,,,,,,,,,,,0,,,,,,,,,,,,,,,,,,,,,,,,,,,
Chinhat,1250,5100000,INR,,1,0,It’s a 2 bhk villa situated in Chinhat. It has an area of 1250 sqft with a carpet area of 1000 sqft . The property is available at a price of Rs. 51.00 lac . It is a semi-furnished property. It is a ready-to-move-in property. It is made in way to provide a comfortable living. It is situated in the proximity of all the important facilities. Please contact us for more details. ,1,,0,0,7.7,,,0.0,0.0,0.0,0.0,0.0,0.0,0.0,,0.0,,0.0,0.0,,,,,,,,,,,,
Vrindavan Yojna,1900,6080000,INR,,1,0,"A 4 bhk property is available for sale in Aarya Group Lucknow Blossom Villas, Vrindavan Yojna, Lucknow. It has a salable area of 1900 sqft and is available at a price of Rs. 3,200 per sqft. It is a semi-furnished property. It is facing north direction. It is made in way to provide a comfortable living. ",1,north,0,0,8.1,,,1.0,1.0,0.0,0.0,0.0,1.0,0.0,,0.0,1.0,1.0,1.0,,,1.0,,,,,,,,,
Nijampur Malhaur,1350,6175000,INR,1,1,0,"A 2 bhk property is available for sale in Nijampur Malhaur, Lucknow. It has a built-up area of 1350 sqft and is priced at Rs. 61.75 lac . It is facing east direction. It is made in way to provide a comfortable living for the residents. It is situated in the proximity of all the important facilities. If you are interested, please contact us for more details. ",1,east,0,4,,,,0.0,0.0,0.0,0.0,0.0,0.0,0.0,,0.0,,0.0,0.0,,,1.0,,,,,,,,,
Kalyanpur,1350,5795000,INR,,1,0,"A spacious 2 bhk villa is available for sale in Kalyanpur, Lucknow. It has a built-up area of 1350 sqft and is priced at Rs. 57.95 lac . The house is unfurnished. This residential property is ready-to-move-in. The time you'll spend here will become the greatest moment of your life that will also help you to relieve, relax & evoke a great sense of happiness. It is situated in the proximity of all the important facilities. Kindly call us for details. ",1,,0,0,,,,0.0,0.0,0.0,0.0,0.0,0.0,0.0,,0.0,,0.0,0.0,,,,,,,,,,,,
Golf City,1560,7500000,INR,1,1,0,The house is unfurnished. It has full power backup. Other amenities include 24x7 water supply and fire sprinklers. This residential property is ready-to-move-in. It is situated in the proximity of all the important facilities. Contact us for more details. ,1,,0,0,,,,0.0,0.0,0.0,0.0,0.0,0.0,0.0,,0.0,,0.0,1.0,,,,,,,,,,,,
Neel Matha,1500,6900000,INR,1,1,0,"Well designed 3 bhk villa is available at a prime location in Yash Builders Neel Matha Residency. It has a built-up area of 1500 sqft and is priced at Rs. 69.00 lac . The house is unfurnished. It has 24_x_7_security. Other amenities include full power backup, 24x7 water supply, fire sprinklers and gated_community. The time you'll spend here will become the greatest moment of your life that will also help you to relieve, relax & evoke a great sense of happiness. The site is in close proximity to various civic utilities. If you are interested, please contact us for more details. ",1,,0,0,,,,0.0,1.0,0.0,0.0,0.0,0.0,0.0,,0.0,,0.0,1.0,,,,,,,,,,,,
Sarojini Nagar,1295,3200000,INR,,1,0,"It’s a 3 bhk villa situated in Sarojini Nagar, Lucknow. The house is furnished. It is facing east direction. It is a ready-to-move-in property. The society is well connected by different modes of transportation. Kindly call us for details. ",1,east,1,0,,,,1.0,0.0,1.0,0.0,0.0,1.0,0.0,,1.0,,1.0,1.0,,,1.0,,,,,,,,,
Alambagh,1265,4807000,INR,1,1,0,"This spacious 2 bhk villa is available for sale and is located in Sri Sai Infratech Basera, one of the most prestigious projects of Alambagh. It has an area of 1265 sqft . The property is available at a price of Rs. 48.07 lac . The house is unfurnished. It has children's play area. Other amenities include gated community, landscape garden and tree planting, full power backup, car parking, sewage treatment plant, grocery shop, 24 x 7 security and cctv. This residential property is ready-to-move-in. The time you'll spend here will become the greatest moment of your life that will also help you to relieve, relax & evoke a great sense of happiness. It is well connected to the city areas. If you are interested, please contact us for more details. ",1,,0,1,,,,0.0,1.0,0.0,0.0,0.0,0.0,0.0,,0.0,1.0,1.0,1.0,,,,,,,,,,,,
Arjunganj,1000,5500000,INR,0,1,0,"A spacious 3 bhk villa is available for sale in Arjunganj, Lucknow. It has a salable area of 1000 sqft and is available at a price of Rs. 5,500 per sqft. Its main door is facing east direction. It is made in way to provide a comfortable living. It is situated in the proximity of all the important facilities. Contact us for more details. ",1,east,0,0,,,,1.0,0.0,0.0,0.0,0.0,0.0,0.0,,0.0,,1.0,1.0,,,,,,,,,,,,
Mastemau,5100,30000000,INR,,1,0,"This spacious 4 bhk villa is available for sale and is located in Chinmay Developers Lucknow Urbanac Garden, one of the most prestigious projects of Mastemau. It has a built-up area of 5100 sqft and is priced at Rs. 3.00 cr . It is a semi-furnished property. It is east facing property. The time you'll spend here will become the greatest moment of your life that will also help you to relieve, relax & evoke a great sense of happiness. It is well connected to the city areas. Please contact us for more details. ",1,east,0,0,,,,1.0,0.0,1.0,0.0,0.0,1.0,0.0,,1.0,,1.0,1.0,,,1.0,,,,,,,,,
Alambagh,1265,5310000,INR,,1,0,Well designed 2 bhk villa is available at a prime location in Alambagh. It has a built-up area of 1265 sqft and is priced at Rs. 53.10 lac . The house is furnished. This residential property is ready-to-move-in. It is made in way to provide a comfortable living. It is well connected to the city areas. Kindly call us for details. ,1,,1,0,,,,0.0,0.0,0.0,0.0,0.0,0.0,0.0,,0.0,,0.0,0.0,,,,,,,,,,,,
Gosainganj,709,3029642,INR,0,1,0,"A spacious 4 bhk villa is available for sale in Halwasiya and Sons Shivlar Sambandh Phase 1, Gosainganj, Lucknow. It has a salable area of 709 sqft and is available at a price of Rs. 4,272 per sqft. It is an unfurnished property. It has 24x7 water supply as well as landscaped gardens. The project also has table tennis, basketball court, gated community, fire sprinklers, sewage treatment plant, grocery shop, badminton court and solid waste management and disposal. It is an under-construction property and is expected to get completed by 31/03/2025. The time you'll spend here will become the greatest moment of your life that will also help you to relieve, relax & evoke a great sense of happiness. The site is in close proximity to various civic utilities. Contact us for more details. ",1,,0,0,6.3,,,1.0,1.0,0.0,0.0,1.0,0.0,1.0,1.0,1.0,,1.0,1.0,,1.0,1.0,1.0,,,,,,,,
Bakkas,1378,7000000,INR,,1,0,"A 3 bhk property is available for sale in Sanfran Developer Estate, Bakkas, Lucknow. It has a salable area of 1378 sqft and is available at a price of Rs. 5,079 per sqft. The house is unfurnished. It has cctv. Other amenities include gymnasium, gated community, swimming pool and children's play area. Its main door is facing east direction. This residential complex is under-construction as of now. The expected completion date is 01/09/2024. It is made in way to provide a comfortable living for the residents. The site is in close proximity to various civic utilities. If you are interested, please contact us for more details. ",1,east,0,0,,,2022.0,1.0,1.0,1.0,0.0,0.0,1.0,0.0,1.0,1.0,1.0,1.0,1.0,,1.0,1.0,,1.0,1.0,,,,,,
Mati Village,1100,3630000,INR,,1,0,"It’s a 2 bhk villa situated in Mati Village. It is a semi-furnished property. It is an under-construction property . It is made in way to provide a comfortable living for the residents. If you are interested, please contact us for more details. ",1,,0,0,,,,0.0,0.0,0.0,0.0,0.0,0.0,0.0,,0.0,,0.0,0.0,,,,,,,,,,,,
Gomti Nagar,800,3600000,INR,,1,0,It’s a 3 bhk villa situated in Gomti Nagar. It has a built-up area of 800 sqft and is priced at Rs. 36.00 lac . It is an unfurnished property. This residential complex is under-construction as of now. . It is made in way to provide a comfortable living for the residents. The site is in close proximity to various civic utilities. Please contact for more details. ,1,,0,0,,,,0.0,0.0,0.0,0.0,0.0,0.0,0.0,,0.0,,0.0,0.0,,,,,,,,,,,,
Gomti Nagar Extension,4050,32501250,INR,0,1,0,"It’s a 4 bhk villa situated in Shalimar Corp Valencia County, Gomti Nagar Extension, Lucknow. It has an area of 4050 sqft . The property is available at a price of Rs. 3.25 cr . It is an unfurnished property. It has internal roads. Other amenities include gated community, fire fighting system, internet/wi-fi, electrical meter room, sub-station, receiving station, intercom, indoor games, sewage treatment plant, visitor parking and senior citizen siteout. It is an under-construction property and is expected to get completed by 31/08/2023. The time you'll spend here will become the greatest moment of your life that will also help you to relieve, relax & evoke a great sense of happiness. The society is well connected by different modes of transportation. ",1,,0,0,,,37.0,1.0,1.0,1.0,1.0,1.0,1.0,1.0,1.0,0.0,1.0,1.0,1.0,1.0,1.0,1.0,,,,1.0,,,,,
Alambagh,5000,51150000,INR,1,0,0,It has an area of 5000 sqft . The property is available at a price of Rs. 5.11 cr . Its main door is facing northeast direction. This residential property is ready-to-move-in. It is made in way to provide a comfortable living for the residents. The society is well connected by different modes of transportation. Please contact us for more details. ,1,northeast,1,0,,,,0.0,0.0,0.0,0.0,0.0,0.0,0.0,,0.0,,0.0,1.0,,,,,,,,,,,,
Golf City,1503,7000000,INR,,1,0,"A spacious 3 bhk villa is available for sale in Golf City, Lucknow. It has an area of 1503 sqft with a carpet area of 1400 sqft . The property is available at a price of Rs. 70.00 lac . It is a semi-furnished property. Its main door is facing east direction. The time you'll spend here will become the greatest moment of your life that will also help you to relieve, relax & evoke a great sense of happiness. Contact us for more details. ",1,east,0,4,,,,0.0,0.0,0.0,0.0,0.0,0.0,0.0,,0.0,,0.0,0.0,,,,,,,,,,,,
Nijampur Malhaur,1650,6200000,INR,,1,0,"This spacious 3 bhk villa is available for sale and is located in Lucknow Fields Empire Empire Villa, one of the most prestigious projects of Nijampur Malhaur. It has an area of 1650 sqft with a carpet area of 1080 sqft . The property is available at a price of Rs. 62.00 lac . The house is unfurnished. This residential property is ready-to-move-in. It is situated in the proximity of all the important facilities. Please contact for more details. ",1,northeast,0,0,,,,0.0,0.0,0.0,0.0,0.0,0.0,0.0,,0.0,,0.0,0.0,,,,,,,,,,,,
Gomti Nagar,2200,12760000,INR,1,1,0,"A 4 bhk property is available for sale in Spring Developers Garden, Gomti Nagar, Lucknow. It has a built-up area of 2200 sqft and is priced at Rs. 1.28 cr . The house is unfurnished. It has solid waste management and disposal. Other amenities include bar/chill-out lounge, yoga/meditation area, children's play area, billiards/snooker table, multipurpose room, fountains, car parking, billiards/snooker table and cctv. It is a 2 year old ready-to-move-in property. It is made in way to provide a comfortable living for the residents. The site is in close proximity to various civic utilities. Please contact us for more details. ",1,,0,2,8.5,,123.0,1.0,1.0,1.0,0.0,1.0,0.0,0.0,1.0,0.0,1.0,1.0,1.0,,,,,,,,1.0,,,,
Bakhshi Ka Talab,1515,9900525,INR,0,1,0,"It’s a 3 bhk villa situated in Oro Real Infra Oro County, Bakhshi Ka Talab, Lucknow. It has an area of 1515 sqft . The property is available at a price of Rs. 99.01 lac . The house is unfurnished. It is an under-construction property and is expected to get completed by 31/12/2026. It is made in way to provide a comfortable living for the residents. It is well connected to the city areas. Kindly call us for details. ",1,,0,0,,,,0.0,0.0,0.0,0.0,0.0,0.0,0.0,,0.0,,0.0,1.0,,,,,,,,,,,,
Matiyari,1100,6200000,INR,0,1,0,"It’s a 3 bhk villa situated in Matiyari, Lucknow. It has a built-up area of 1100 sqft and is priced at Rs. 62.00 lac . It is a semi-furnished property. It is east facing property. This residential complex is under-construction as of now. . It is made in way to provide a comfortable living for the residents. It is well connected to the city areas. Please contact for more details. ",1,east,0,0,,,,0.0,0.0,0.0,0.0,0.0,0.0,0.0,,0.0,,0.0,0.0,,,,,,,,,,,,
Jankipuram Extension,1250,4500000,INR,,1,0,"It has a salable area of 1250 sqft and is available at a price of Rs. 3,600 per sqft. The house is unfurnished. This residential property is ready-to-move-in. The time you'll spend here will become the greatest moment of your life that will also help you to relieve, relax & evoke a great sense of happiness. The society is well connected by different modes of transportation. ",1,,0,6,,,,0.0,0.0,0.0,0.0,0.0,0.0,0.0,,0.0,,0.0,0.0,,,,,,,,,,,,
Aliganj,5000,42500000,INR,,0,0,"5 BHK Villa for sale in Aliganj, Lucknow with modern-day amenities. The Villa is in Aliganj which is a promising investment destination in Lucknow. This might be your chance to grab the best 5 BHK property for sale in Aliganj. It is a very spacious property, spread over 3200 Square feet. The built-up area is 5000 Square feet. This property has provision for 6 bathroom. It enjoys a strategic location with many reputed and multispeciality hospitals nearby like Psychiatrist, Dr. Malaya Kant Singh, Dr.Malaya Kant Singh, and Vivekananda Polyclinic and Institute of Medical Sciences. The city's best schools like IIM Lucknow City Office, Kendriya Vidyalaya, and Computer Informatics Center are also near this housing project",1,,1,0,9.1,,,0.0,0.0,0.0,0.0,0.0,0.0,0.0,,0.0,,0.0,0.0,,,,,,,,,,,,
Faizabad Road,1000,5000000,INR,1,1,0,"Well designed 3 bhk villa is available at a prime location in Grah Builders And Developers Enclave Phase 6. It has an area of 1000 sqft . The property is available at a price of Rs. 50.00 lac . It is an unfurnished property. It has school as well as gated community. The project also has temple, hospital, landscape garden and tree planting and 24 x 7 security. It is made in way to provide a comfortable living. It is situated in the proximity of all the important facilities. Please contact us for more details. ",1,,0,0,,,123.0,0.0,1.0,0.0,0.0,0.0,0.0,0.0,,0.0,,0.0,0.0,1.0,,,1.0,,,,,1.0,1.0,,
Omaxe City,2107,7300000,INR,,1,0,"A spacious 3 bhk villa is available for sale in Omaxe City, Lucknow. It has a salable area of 2107 sqft and is available at a price of Rs. 3,464 per sqft. It is made in way to provide a comfortable living. It is situated in the proximity of all the important facilities. Kindly call us for details. ",1,,1,5,,,,0.0,0.0,0.0,0.0,0.0,0.0,0.0,,0.0,,0.0,0.0,,,,,,,,,,,,
Sarojini Nagar,850,2400000,INR,,1,0,"Well designed 1 bhk villa is available at a prime location in Sarojini Nagar. It has a salable area of 850 sqft and is available at a price of Rs. 2,823 per sqft. It is a semi-furnished property. It is east facing property. This residential property is ready-to-move-in. The time you'll spend here will become the greatest moment of your life that will also help you to relieve, relax & evoke a great sense of happiness. It is well connected to the city areas. Kindly call us for details. ",1,east,0,0,,,,0.0,0.0,0.0,0.0,0.0,0.0,0.0,,0.0,,1.0,1.0,,,1.0,,,,,,,,,
Gomti Nagar,1100,4800000,INR,,1,0,"A 2 bhk property is available for sale in Gomti Nagar, Lucknow. It has an area of 1100 sqft with a carpet area of 1000 sqft . The property is available at a price of Rs. 48.00 lac . The house is semi-furnished. This residential property is ready-to-move-in. It is made in way to provide a comfortable living. The site is in close proximity to various civic utilities. Contact us for more details. ",1,,0,0,8.5,,,0.0,0.0,0.0,0.0,0.0,0.0,0.0,,0.0,,0.0,0.0,,,,,,,,,,,,
,,,,,,,,,,,0,,,,,,,,,,,,,,,,,,,,,,,,,,,
Sarojini Nagar,500,2250000,INR,1,1,0,"It’s a 1 bhk villa situated in Swarnima Infratech Aasra Gold, Sarojini Nagar. It has an area of 500 sqft . The property is available at a price of Rs. 22.50 lac . It is an unfurnished property. It has cycling & jogging track. Other amenities include shopping mall, 24 x 7 security, cctv, internal roads, gated community, landscape garden and tree planting, gymnasium, street lighting and storm water drains. It is a ready-to-move-in property. The site is in close proximity to various civic utilities. Kindly call us for details. ",1,,0,0,,,,1.0,1.0,0.0,0.0,0.0,0.0,0.0,,0.0,,0.0,0.0,1.0,,,,1.0,,,,,,,
Jankipuram Extension,1000,3800000,INR,1,1,0,"It’s a 2 bhk villa situated in Vasundhara Lucknow R S Homes, Jankipuram Extension. It has a built-up area of 1000 sqft and is priced at Rs. 38.00 lac . It is an unfurnished property. It has party lawn as well as full power backup. The project also has cctv, party hall, visitor parking, closed car parking, intercom, street lighting, landscape garden and tree planting and 24 x 7 security. This residential property is ready-to-move-in. It is made in way to provide a comfortable living for the residents. If you are interested, please contact us for more details. ",1,,0,0,,,123.0,0.0,1.0,1.0,0.0,0.0,0.0,0.0,,0.0,1.0,0.0,1.0,,,1.0,,,,,,,,,
Kalyanpur,1300,5800000,INR,,1,0,Well designed 2 bhk villa is available at a prime location in Kalyanpur. It has a built-up area of 1300 sqft and is priced at Rs. 58.00 lac . It is an unfurnished property. Its main door is facing west direction. It is a ready-to-move-in property. It is made in way to provide a comfortable living. The site is in close proximity to various civic utilities. Please contact us for more details. ,1,west,0,0,,,,0.0,0.0,0.0,0.0,0.0,0.0,0.0,,0.0,,0.0,0.0,,,,,,,,,,,,
Sarojini Nagar,1530,3700000,INR,1,1,0,"A 3 bhk property is available for sale in Sarojini Nagar, Lucknow. It has a salable area of 1530 sqft and is available at a price of Rs. 2,418 per sqft. The house is furnished. It is east facing property. It is a ready-to-move-in property. The time you'll spend here will become the greatest moment of your life that will also help you to relieve, relax & evoke a great sense of happiness. ",1,east,1,0,,,,1.0,0.0,0.0,0.0,0.0,0.0,0.0,,0.0,,1.0,1.0,,,1.0,,,,,,,,,
Arjunganj,1378,8000000,INR,0,1,0,"This spacious 3 bhk villa is available for sale and is located in the heart of Arjunganj. It has a built-up area of 1378 sqft and is priced at Rs. 80.00 lac . The house is unfurnished. It is facing northeast direction. This residential complex is under-construction as of now. . The time you'll spend here will become the greatest moment of your life that will also help you to relieve, relax & evoke a great sense of happiness. The site is in close proximity to various civic utilities. Please contact us for more details. ",1,northeast,0,0,,,,0.0,0.0,1.0,0.0,0.0,0.0,0.0,,0.0,,0.0,1.0,,,1.0,,,,,,,,,
Bakhshi Ka Talab,1422,9599922,INR,0,1,0,"A 3 bhk property is available for sale in Oro Real Infra Oro County, Bakhshi Ka Talab, Lucknow. It has a salable area of 1422 sqft and is available at a price of Rs. 6,751 per sqft. It is an unfurnished property. It has fire sprinklers. Other amenities include full power backup and 24x7 water supply. It is an under-construction property and is expected to get completed by 31/12/2026. The time you'll spend here will become the greatest moment of your life that will also help you to relieve, relax & evoke a great sense of happiness. The society is well connected by different modes of transportation. Contact us for more details. ",1,,0,0,,,,0.0,0.0,0.0,0.0,0.0,0.0,0.0,,0.0,,0.0,1.0,,,,,,,,,,,,
Bakkas,1439,7500068,INR,0,1,0,"It’s a 2 bhk villa situated in Sapphire Infraventures Royale, Bakkas, Lucknow. It has a salable area of 1439 sqft and is available at a price of Rs. 5,212 per sqft. The house is unfurnished. It has 24 hours water supply. Other amenities include cctv, shopping mall, landscape garden and tree planting, swimming pool, solid waste management and disposal, children's play area, paved compound, school and aggregate area of recreational open space. It is an under-construction property and is expected to get completed by 17/05/2023. It is made in way to provide a comfortable living. The society is well connected by different modes of transportation. Contact us for more details. ",1,,0,0,,,123.0,1.0,1.0,1.0,0.0,1.0,1.0,0.0,,0.0,1.0,1.0,1.0,1.0,,,,1.0,,,,1.0,,,
Naubasta Kala,1450,3400000,INR,,1,0,This spacious 2 bhk villa is available for sale and is located in the heart of Naubasta Kala. It has a built-up area of 1450 sqft and is priced at Rs. 34.00 lac . It is north facing property. It is a 4 year old ready-to-move-in property. The site is in close proximity to various civic utilities. ,1,north,0,4,,,,0.0,0.0,0.0,0.0,0.0,0.0,0.0,,0.0,,0.0,1.0,,,,,,,,,,,,
Mati,1635,6000000,INR,,1,0,Well designed 3 bhk villa is available at a prime location in Mati. It is a furnished property. This residential property is ready-to-move-in. It is made in way to provide a comfortable living. The site is in close proximity to various civic utilities. Contact us for more details. ,1,,1,2,,,,0.0,0.0,0.0,0.0,0.0,0.0,0.0,,0.0,,0.0,0.0,,,,,,,,,,,,
Matiyari,2200,7600000,INR,,1,0,"It’s a 3 bhk villa situated in Matiyari, Lucknow. It has a salable area of 2200 sqft and is available at a price of Rs. 3,454 per sqft. It is an unfurnished property. It is made in way to provide a comfortable living for the residents. The site is in close proximity to various civic utilities. Kindly call us for details. ",1,,0,0,,,,0.0,0.0,0.0,0.0,0.0,0.0,0.0,,0.0,,0.0,0.0,,,,,,,,,,,,
Arjunganj,800,4800000,INR,1,1,0,"A spacious 3 bhk villa is available for sale in Arjunganj, Lucknow. It is a semi-furnished property. Furnishings include 1 tv, 1 refrigerator, 1 sofa, 1 sofa, 1 washing machine, 1 microwave, 1 dining table, 1 gas connection, 1 ac and 1 bed. It is west facing property. It is a ready-to-move-in property. It is made in way to provide a comfortable living for the residents. It is well connected to the city areas. If you are interested, please contact us for more details. ",1,west,0,0,,,,1.0,0.0,1.0,1.0,0.0,1.0,0.0,,1.0,,1.0,1.0,,,1.0,,,,,,,,,
Nijampur Malhaur,1350,6150000,INR,0,1,0,"It’s a 2 bhk villa situated in Nijampur Malhaur, Lucknow. It has an area of 1350 sqft . The property is available at a price of Rs. 61.50 lac . Its main door is facing northeast direction. It is an under-construction property . It is made in way to provide a comfortable living for the residents. The society is well connected by different modes of transportation. Please contact for more details. ",1,northeast,0,0,,,,0.0,0.0,0.0,0.0,0.0,0.0,0.0,,0.0,,0.0,0.0,,,1.0,,,,,,,,,
Alambagh,1265,5314000,INR,,1,0,"It is a furnished property. This residential property is ready-to-move-in. It is made in way to provide a comfortable living for the residents. It is well connected to the city areas. If you are interested, please contact us for more details. ",1,,1,0,,,,0.0,0.0,0.0,0.0,0.0,0.0,0.0,,0.0,,0.0,0.0,,,,,,,,,,,,
Telibagh,1940,6200000,INR,,1,0,"Well designed 3 bhk villa is available at a prime location in Telibagh. It has a salable area of 1940 sqft and is available at a price of Rs. 3,195 per sqft. It is a furnished property. It is an under-construction property . It is made in way to provide a comfortable living for the residents. The site is in close proximity to various civic utilities. Kindly call us for details. ",1,,1,0,,,,0.0,0.0,0.0,0.0,0.0,0.0,0.0,,0.0,,0.0,0.0,,,,,,,,,,,,
Chinhat,1700,5500000,INR,,1,0,"It’s a 3 bhk villa situated in Chinhat. It has a salable area of 1700 sqft and is available at a price of Rs. 3,235 per sqft. It is a semi-furnished property. It is facing east direction. It is made in way to provide a comfortable living for the residents. It is well connected to the city areas. ",1,east,0,0,7.7,,,0.0,0.0,0.0,0.0,0.0,0.0,0.0,,0.0,,1.0,0.0,,,,,,,,,,,,
Jankipuram,1125,5099625,INR,1,1,0,"This spacious 2 bhk villa is available for sale and is located in Hira Infra Group Vihar Phase 5, one of the most prestigious projects of Jankipuram. The house is unfurnished. It has atm. Other amenities include water storage, cycling & jogging track, solid waste management and disposal and ro water system. It is a 5 year old ready-to-move-in property. It is made in way to provide a comfortable living. The society is well connected by different modes of transportation. ",1,,0,4,8.4,,,0.0,0.0,0.0,0.0,0.0,0.0,0.0,,0.0,,0.0,0.0,1.0,,,,,,1.0,,,,,
Vrindavan Yojna,1500,6300000,INR,,1,0,"It has a salable area of 1500 sqft and is available at a price of Rs. 4,200 per sqft. The house is semi-furnished. This residential complex is under-construction as of now. . The time you'll spend here will become the greatest moment of your life that will also help you to relieve, relax & evoke a great sense of happiness. The site is in close proximity to various civic utilities. Contact us for more details. ",1,,0,0,8.1,,,0.0,1.0,0.0,0.0,0.0,0.0,0.0,,0.0,1.0,1.0,1.0,,,,,,,,,,,,
Golf City,1878,10894000,INR,,0,0,"Well designed 3 bhk villa is available at a prime location in Golf City. It has an area of 1878 sqft with a carpet area of 1295 sqft . The property is available at a price of Rs. 1.09 cr . It is a semi-furnished property. It is facing north direction. The time you'll spend here will become the greatest moment of your life that will also help you to relieve, relax & evoke a great sense of happiness. It is situated in the proximity of all the important facilities. Please contact us for more details. ",1,north,0,0,,,,1.0,0.0,1.0,1.0,0.0,1.0,0.0,,1.0,,1.0,1.0,,,1.0,,,,,,,,,
Sarojini Nagar,1350,4399000,INR,,1,0,"A 3 bhk property is available for sale in Tej Infrazone Aasra Gold, Sarojini Nagar, Lucknow. It has a salable area of 1350 sqft and is available at a price of Rs. 3,258 per sqft. It is a semi-furnished property. It has full power backup. Other amenities include cctv and children's play area. It is facing east direction. It is a ready-to-move-in property. The site is in close proximity to various civic utilities. Please contact us for more details. ",1,east,0,1,,,,1.0,1.0,0.0,0.0,1.0,0.0,0.0,1.0,0.0,1.0,1.0,1.0,,,1.0,,,,,,,,,
Alambagh,995,3781000,INR,1,1,0,"A 2 bhk property is available for sale in Sri Sai Infratech Basera, Alambagh, Lucknow. It has an area of 995 sqft . The property is available at a price of Rs. 37.81 lac . It is an unfurnished property. This residential property is ready-to-move-in. It is made in way to provide a comfortable living. It is well connected to the city areas. Please contact for more details. ",1,,0,1,,,,0.0,1.0,0.0,0.0,0.0,0.0,0.0,,0.0,1.0,1.0,1.0,,,,,,,,,,,,
Anora Kala,2000,7000000,INR,0,1,0,"It’s a 3 bhk villa situated in Anora Kala. It has an area of 2000 sqft . The property is available at a price of Rs. 70.00 lac . It is facing west direction. This residential complex is under-construction as of now. . It is made in way to provide a comfortable living for the residents. It is well connected to the city areas. If you are interested, please contact us for more details. ",1,west,0,0,,,,1.0,0.0,0.0,0.0,0.0,1.0,0.0,,1.0,,1.0,0.0,,,,,,,,,,,,
Faizabad Road,1200,6000000,INR,1,1,0,"It has a built-up area of 1200 sqft and is priced at Rs. 60.00 lac . It is an unfurnished property. It has hospital as well as school. The project also has landscape garden and tree planting, temple, 24 x 7 security and gated community. It is a ready-to-move-in property. The time you'll spend here will become the greatest moment of your life that will also help you to relieve, relax & evoke a great sense of happiness. Kindly call us for details. ",1,,0,0,,,123.0,0.0,1.0,0.0,0.0,0.0,0.0,0.0,,0.0,,0.0,0.0,1.0,,,1.0,,,,,1.0,1.0,,
Matiyari,1100,6500000,INR,,1,0,"It’s a 2 bhk villa situated in Matiyari. It has a salable area of 1100 sqft and is available at a price of Rs. 5,909 per sqft. It is a semi-furnished property. Its main door is facing east direction. It is a ready-to-move-in property. The time you'll spend here will become the greatest moment of your life that will also help you to relieve, relax & evoke a great sense of happiness. ",1,east,0,0,,,,0.0,0.0,0.0,0.0,0.0,0.0,0.0,,0.0,,0.0,1.0,,,1.0,,,,,,,,,
Chinhat,1250,5200000,INR,,0,0,"It’s a 2 bhk villa situated in Yash Builders Lucknow Elite Villas, Chinhat. It is a 2 year old ready-to-move-in property. The time you'll spend here will become the greatest moment of your life that will also help you to relieve, relax & evoke a great sense of happiness. It is situated in the proximity of all the important facilities. Kindly call us for details. ",1,,1,2,7.7,,,0.0,1.0,0.0,0.0,0.0,0.0,0.0,,0.0,1.0,1.0,0.0,,,,,,,,,,,,
Jankipuram,710,2850000,INR,1,1,0,"This spacious 2 bhk villa is available for sale and is located in Hira Infra Group City, one of the most prestigious projects of Jankipuram. It is an unfurnished property. It has internal roads as well as gated community. The project also has cctv, 24x7 water supply and car parking. It is made in way to provide a comfortable living for the residents. Please contact us for more details. ",1,,0,0,8.4,,,0.0,0.0,0.0,0.0,0.0,0.0,0.0,,0.0,1.0,0.0,0.0,1.0,,,,,,,,,,,
Bakkas,1783,13950192,INR,0,1,0,"Well designed 3 bhk villa is available at a prime location in Sanfran Developer Estate. It has a salable area of 1783 sqft and is available at a price of Rs. 7,824 per sqft. The house is unfurnished. It has table tennis. Other amenities include shopping mall, cafeteria, paved compound, amphitheater, badminton court, 24 x 7 security, gymnasium, club house and fountains. This residential complex is under-construction as of now. The expected completion date is 01/09/2024. The society is well connected by different modes of transportation. If you are interested, please contact us for more details. ",1,,0,0,,,2022.0,1.0,1.0,1.0,0.0,0.0,1.0,0.0,1.0,0.0,1.0,1.0,0.0,,1.0,,,1.0,1.0,,,,,,
Bharavara,2100,7200000,INR,,1,0,"A 3 bhk property is available for sale in Bharavara, Lucknow. It has an area of 2100 sqft with a carpet area of 1400 sqft . The property is available at a price of Rs. 72.00 lac . The house is unfurnished. This residential complex is under-construction as of now. . It is well connected to the city areas. Contact us for more details. ",1,,0,0,,,,0.0,0.0,0.0,0.0,0.0,0.0,0.0,,0.0,,0.0,0.0,,,,,,,,,,,,
Rabindra Palli Colony,4500,25000000,INR,1,0,0,"AMENITIES

AMPLE PARKING
24X7 WATER
vaastu COMPLAINT
24X7 POWER BACK UP
NEAR BY PARK
 YOGA MEDITAION ROOM

NEAR BY LOCATION

 LOHIYA HOSPITAL- 0 .6 KM
LOHIYA PARK- 0.5 KM
HAZRAT GANJ- 2 KM
CHARBAGH RLY. STATION- 4 KM
HIGH COURT- 3 KM
LEKHRAJ METRO STATION - 0.3KM

 More About This Property Best 4 BHK Villa for modern-day lifestyle is now available for sale. Grab this 4 BHK property for sale in one of Lucknow's top location, Rabindra Palli Colony. The property price of this unit is Rs 2.5 Cr. The built-up area is 4500 Square feet. There are 4 bedrooms and 4 bathroom. This property enjoys a good view and is North-East-facing. This property also enjoys power backup facility. Regular water supply is provided. It is an ideal location for young families with kids, as this property is close to Dragon Academy Of Martial Arts, Asian Institute Of Management, and Sanjay Gandhi Memorial School. Healthcare facility is also close at hand with Shekhar Hospital, Healthyminds NeuroPsychiatry, Clinical Psychology and Behavioral Sciences Centre, Dr Aleem & Dr Shazia, and Satya Hospital nearby",1,northeast,1,3,,,,0.0,0.0,0.0,0.0,0.0,0.0,0.0,,0.0,,0.0,1.0,,,,,,,,,,,,
Vrindavan Yojna,1800,7560000,INR,,1,0,Well designed 3 bhk villa is available at a prime location in Aarya Group Lucknow Blossom Villas. It has an area of 1800 sqft with a carpet area of 1200 sqft . The property is available at a price of Rs. 75.60 lac . The house is semi-furnished. It is facing east direction. It is an under-construction property . It is made in way to provide a comfortable living. It is situated in the proximity of all the important facilities. ,1,east,0,0,8.1,,,1.0,1.0,0.0,0.0,0.0,0.0,0.0,,1.0,1.0,1.0,1.0,,,1.0,,,,,,,,,
Tugalpur Village,1200,2800000,INR,,1,0,It’s a 2 bhk villa situated in Tugalpur Village. It has a built-up area of 1200 sqft and is priced at Rs. 28.00 lac . The house is semi-furnished. It is an under-construction property . It is made in way to provide a comfortable living. It is situated in the proximity of all the important facilities. ,1,east,0,0,,,,0.0,0.0,0.0,0.0,0.0,0.0,0.0,,0.0,,1.0,1.0,,,,,,,,,,,,
Vrindavan Yojna,1900,6000000,INR,,1,0,"A 4 bhk property is available for sale in Aarya Group Lucknow Blossom Villas, Vrindavan Yojna, Lucknow. It has an area of 1900 sqft with a carpet area of 840 sqft . The property is available at a price of Rs. 60.00 lac . The house is furnished. It is a ready-to-move-in property. The society is well connected by different modes of transportation. Kindly call us for details. ",1,,1,0,8.1,,,0.0,1.0,0.0,0.0,0.0,0.0,0.0,,0.0,1.0,1.0,1.0,,,,,,,,,,,,
,,,,,,,,,,,0,,,,,,,,,,,,,,,,,,,,,,,,,,,
Jankipuram,710,2850000,INR,1,1,0,"Well designed 2 bhk villa is available at a prime location in Hira Infra Group City. It has a salable area of 710 sqft and is available at a price of Rs. 4,014 per sqft. It is an unfurnished property. It has cctv. Other amenities include 24x7 water supply, internal roads, gated community and car parking. This residential property is ready-to-move-in. ",1,,0,0,8.4,,,0.0,0.0,0.0,0.0,0.0,0.0,0.0,,0.0,1.0,0.0,0.0,1.0,,,,,,,,,,,
Neel Matha,1500,7000000,INR,,1,0,"It’s a 3 bhk villa situated in Yash Builders India Residency, Neel Matha, Lucknow. It has a salable area of 1500 sqft and is available at a price of Rs. 4,666 per sqft. The house is semi-furnished. It is facing north direction. It is a ready-to-move-in property. It is made in way to provide a comfortable living for the residents. The site is in close proximity to various civic utilities. Kindly call us for details. ",1,north,0,0,,,,0.0,1.0,0.0,0.0,0.0,0.0,0.0,,0.0,,0.0,1.0,,,,,,,,,,,,
Sarojini Nagar,1260,6500000,INR,1,1,0,"A 3 bhk property is available for sale in Swarnima Infratech Aasra Gold, Sarojini Nagar, Lucknow. It has an area of 1260 sqft . The property is available at a price of Rs. 65.00 lac . It is an unfurnished property. It has storm water drains as well as gymnasium. The project also has internal roads, gated community, shopping mall, landscape garden and tree planting, 24 x 7 security, cycling & jogging track, cctv and street lighting. This residential property is ready-to-move-in. It is made in way to provide a comfortable living for the residents. It is situated in the proximity of all the important facilities. Kindly call us for details. ",1,,0,0,,,,1.0,1.0,0.0,0.0,0.0,0.0,0.0,,0.0,,0.0,0.0,1.0,,,,1.0,,,,,,,
Kalyanpur,1350,5795000,INR,,1,0,It’s a 2 bhk villa situated in Kalyanpur. It has an area of 1350 sqft with a carpet area of 1100 sqft . The property is available at a price of Rs. 57.95 lac . The house is unfurnished. Its main door is facing west direction. It is a ready-to-move-in property. It is made in way to provide a comfortable living. It is well connected to the city areas. Please contact us for more details. ,1,west,0,0,,,,0.0,0.0,0.0,0.0,0.0,0.0,0.0,,0.0,,0.0,0.0,,,,,,,,,,,,
Bakhshi Ka Talab,1235,8200400,INR,0,1,0,It has an area of 1235 sqft . The property is available at a price of Rs. 82.00 lac . The house is unfurnished. It has full power backup as well as 24x7 water supply. The project also has fire sprinklers. It is an under-construction property and is expected to get completed by 31/12/2026. It is made in way to provide a comfortable living. It is situated in the proximity of all the important facilities. Kindly call us for details. ,1,,0,0,,,,0.0,0.0,0.0,0.0,0.0,0.0,0.0,,0.0,,0.0,1.0,,,,,,,,,,,,
Nijampur Malhaur,1000,6200000,INR,0,1,0,"It has a salable area of 1000 sqft and is available at a price of Rs. 6,200 per sqft. The house is semi-furnished. It is facing northwest direction. It is an under-construction property . The site is in close proximity to various civic utilities. Kindly call us for details. ",1,northwest,0,0,,,,0.0,0.0,0.0,0.0,0.0,0.0,0.0,,0.0,,0.0,0.0,,,1.0,,,,,,,,,
Mati,2182,7000000,INR,,1,0,"This spacious 3 bhk villa is available for sale and is located in the heart of Mati. It has an area of 2182 sqft with a carpet area of 1800 sqft . The property is available at a price of Rs. 70.00 lac . The house is furnished. It is a 2 year old ready-to-move-in property. The time you'll spend here will become the greatest moment of your life that will also help you to relieve, relax & evoke a great sense of happiness. It is situated in the proximity of all the important facilities. Contact us for more details. ",1,,1,2,,,,0.0,0.0,0.0,0.0,0.0,0.0,0.0,,0.0,,0.0,0.0,,,,,,,,,,,,
Faizabad Road,1462,4200000,INR,1,1,1,,1,north,0,2,,,123.0,1.0,1.0,1.0,0.0,0.0,1.0,1.0,1.0,0.0,1.0,1.0,0.0,1.0,,,,1.0,,1.0,,1.0,1.0,,
Alambagh,1265,5313000,INR,,1,0,"A spacious 2 bhk villa is available for sale in Alambagh, Lucknow. It is a furnished property. This residential property is ready-to-move-in. The society is well connected by different modes of transportation. If you are interested, please contact us for more details. ",1,,1,0,,,,0.0,0.0,0.0,0.0,0.0,0.0,0.0,,0.0,,0.0,0.0,,,,,,,,,,,,
Sarojini Nagar,850,2399000,INR,,1,0,"It’s a 1 bhk villa situated in Sarojini Nagar. It has a salable area of 850 sqft and is available at a price of Rs. 2,822 per sqft. It is a semi-furnished property. Its main door is facing east direction. It is a ready-to-move-in property. The time you'll spend here will become the greatest moment of your life that will also help you to relieve, relax & evoke a great sense of happiness. It is well connected to the city areas. Contact us for more details. ",1,east,0,0,,,,0.0,0.0,0.0,0.0,0.0,0.0,0.0,,0.0,,1.0,1.0,,,1.0,,,,,,,,,
Jankipuram,1125,5099625,INR,1,1,0,"It’s a 2 bhk villa situated in Hira Infra Group Vihar Phase 5, Jankipuram. It has solid waste management and disposal. Other amenities include water storage, ro water system, atm and cycling & jogging track. This residential property is ready-to-move-in. It is made in way to provide a comfortable living for the residents. It is well connected to the city areas. Please contact for more details. ",1,,0,4,8.4,,,0.0,0.0,0.0,0.0,0.0,0.0,0.0,,0.0,,0.0,0.0,1.0,,,,,,1.0,,,,,
Nijampur Malhaur,1350,6200000,INR,,1,0,"This spacious 2 bhk villa is available for sale and is located in the heart of Nijampur Malhaur. It has a salable area of 1350 sqft and is available at a price of Rs. 4,592 per sqft. It is an unfurnished property. It is a 4 year old ready-to-move-in property. The time you'll spend here will become the greatest moment of your life that will also help you to relieve, relax & evoke a great sense of happiness. The society is well connected by different modes of transportation. If you are interested, please contact us for more details. ",1,,0,4,,,,0.0,0.0,0.0,0.0,0.0,0.0,0.0,,0.0,,0.0,0.0,,,,,,,,,,,,
Mohanlalganj,520,1600000,INR,0,1,0,"A spacious 2 bhk villa is available for sale in Mohanlalganj, Lucknow. It has a built-up area of 520 sqft and is priced at Rs. 16.00 lac . It is a semi-furnished property. It is east facing property. The time you'll spend here will become the greatest moment of your life that will also help you to relieve, relax & evoke a great sense of happiness. If you are interested, please contact us for more details. ",1,east,0,0,6.3,,,0.0,0.0,0.0,0.0,0.0,0.0,0.0,,0.0,,1.0,1.0,,,,,,,,,,,,
Anora Kala,2140,7400000,INR,0,1,0,"A spacious 3 bhk villa is available for sale in Anora Kala, Lucknow. It has a salable area of 2140 sqft and is available at a price of Rs. 3,457 per sqft. The house is semi-furnished. It is west facing property. This residential complex is under-construction as of now. . It is made in way to provide a comfortable living. The site is in close proximity to various civic utilities. Kindly call us for details. ",1,west,0,0,,,,1.0,0.0,0.0,0.0,0.0,1.0,0.0,,1.0,,1.0,0.0,,,,,,,,,,,,
Faizabad Road,800,4000000,INR,1,1,0,"It’s a 3 bhk villa situated in Grah Builders And Developers Enclave Phase 6, Faizabad Road, Lucknow. It is an unfurnished property. It has temple. Other amenities include landscape garden and tree planting, 24 x 7 security, school, hospital and gated community. This residential property is ready-to-move-in. It is made in way to provide a comfortable living for the residents. The site is in close proximity to various civic utilities. ",1,,0,0,,,123.0,0.0,1.0,0.0,0.0,0.0,0.0,0.0,,0.0,,0.0,0.0,1.0,,,1.0,,,,,1.0,1.0,,
SGPGI Rae Bareilly Road,1400,4400000,INR,,1,1,,1,east,0,5,,,,1.0,1.0,1.0,0.0,0.0,1.0,0.0,,1.0,1.0,1.0,1.0,,,,,,1.0,,1.0,,,1.0,
Arjunganj,1500,6500000,INR,,1,0,"A 3 bhk property is available for sale in Arjunganj, Lucknow. Its main door is facing east direction. This residential complex is under-construction as of now. . It is well connected to the city areas. Contact us for more details. ",1,east,0,0,,,,0.0,0.0,0.0,0.0,0.0,0.0,0.0,,0.0,,0.0,0.0,,,,,,,,,,,,
Jankipuram Extension,640,2432000,INR,1,1,0,"It has a salable area of 640 sqft and is available at a price of Rs. 3,800 per sqft. It has intercom. Other amenities include car parking, storm water drains, sewage treatment plant, 24x7 water supply, swimming pool, closed car parking, landscape garden and tree planting, internal roads and 24 x 7 security. This residential property is ready-to-move-in. The site is in close proximity to various civic utilities. Please contact for more details. ",1,,0,0,,,123.0,0.0,1.0,1.0,0.0,0.0,0.0,0.0,,0.0,1.0,0.0,1.0,,,1.0,,,,,,,,,
Raebareli Road,1000,2700000,INR,,1,0,,1,east,0,3,,,,0.0,1.0,1.0,0.0,1.0,0.0,0.0,1.0,1.0,1.0,1.0,0.0,1.0,1.0,,1.0,1.0,,,1.0,,,,1.0
Sarojini Nagar,1260,6500000,INR,1,1,0,"Well designed 3 bhk villa is available at a prime location in Swarnima Infratech Aasra Gold. It has a salable area of 1260 sqft and is available at a price of Rs. 5,158 per sqft. The house is unfurnished. It has internal roads as well as landscape garden and tree planting. The project also has gated community, 24 x 7 security, gymnasium, shopping mall, storm water drains, street lighting, cctv and cycling & jogging track. It is a ready-to-move-in property. The time you'll spend here will become the greatest moment of your life that will also help you to relieve, relax & evoke a great sense of happiness. Please contact for more details. ",1,,0,0,,,,1.0,1.0,0.0,0.0,0.0,0.0,0.0,,0.0,,0.0,0.0,1.0,,,,1.0,,,,,,,
Sarojini Nagar,800,4200000,INR,1,1,0,"It’s a 3 bhk villa situated in Swarnima Infratech Aasra Gold, Sarojini Nagar. It has an area of 800 sqft . The property is available at a price of Rs. 42.00 lac . It is an unfurnished property. This residential property is ready-to-move-in. The society is well connected by different modes of transportation. Kindly call us for details. ",1,,0,0,,,,1.0,1.0,0.0,0.0,0.0,0.0,0.0,,0.0,,0.0,0.0,1.0,,,,1.0,,,,,,,
Sarojini Nagar,800,4200000,INR,1,1,0,"It’s a 3 bhk villa situated in Swarnima Infratech Aasra Gold, Sarojini Nagar. It has an area of 800 sqft . The property is available at a price of Rs. 42.00 lac . It is an unfurnished property. It has street lighting as well as internal roads. The project also has gymnasium, landscape garden and tree planting, shopping mall, 24 x 7 security, gated community, cycling & jogging track, cctv and storm water drains. It is a ready-to-move-in property. It is made in way to provide a comfortable living for the residents. Please contact us for more details. ",1,,0,0,,,,1.0,1.0,0.0,0.0,0.0,0.0,0.0,,0.0,,0.0,0.0,1.0,,,,1.0,,,,,,,
Gomti Nagar,1400,4000000,INR,,0,0,"A spacious 2 bhk villa is available for sale in Gomti Nagar, Lucknow. It has an area of 1400 sqft with a carpet area of 1398 sqft . The property is available at a price of Rs. 40.00 lac . It is a semi-furnished property. It is made in way to provide a comfortable living. The site is in close proximity to various civic utilities. Please contact us for more details. ",1,east,0,0,8.5,,,0.0,0.0,0.0,0.0,0.0,0.0,0.0,,0.0,,0.0,0.0,,,,,,,,,,,,
Gomti Nagar,1400,4000000,INR,,0,0,"A 2 bhk property is available for sale in Gomti Nagar, Lucknow. It has a salable area of 1400 sqft and is available at a price of Rs. 2,857 per sqft. The house is semi-furnished. This residential property is ready-to-move-in. It is made in way to provide a comfortable living. The site is in close proximity to various civic utilities. If you are interested, please contact us for more details. ",1,,0,0,8.5,,,0.0,0.0,0.0,0.0,0.0,0.0,0.0,,0.0,,0.0,0.0,,,,,,,,,,,,
Chinhat,1650,6500000,INR,,0,0,"It has a built-up area of 1650 sqft and is priced at Rs. 65.00 lac . The house is semi-furnished. It is west facing property. This residential complex is under-construction as of now. . It is made in way to provide a comfortable living for the residents. The site is in close proximity to various civic utilities. If you are interested, please contact us for more details. ",1,west,0,0,7.7,,,0.0,0.0,0.0,0.0,0.0,0.0,0.0,,0.0,,0.0,0.0,,,,,,,,,,,,
Jankipuram Extension,1000,3800000,INR,1,1,0,"It’s a 2 bhk villa situated in Vasundhara Lucknow R S Homes, Jankipuram Extension, Lucknow. The house is unfurnished. It has cctv. Other amenities include landscape garden and tree planting, party lawn, swimming pool, sewage treatment plant, street lighting, storm water drains, internal roads, car parking and closed car parking. It is made in way to provide a comfortable living for the residents. The site is in close proximity to various civic utilities. ",1,,0,0,,,123.0,0.0,1.0,1.0,0.0,0.0,0.0,0.0,,0.0,1.0,0.0,1.0,,,1.0,,,,,,,,,
Jankipuram Extension,950,3610000,INR,1,1,0,"A 2 bhk property is available for sale in Vasundhara Lucknow R S Homes, Jankipuram Extension, Lucknow. It has a salable area of 950 sqft and is available at a price of Rs. 3,800 per sqft. This residential property is ready-to-move-in. It is made in way to provide a comfortable living for the residents. The site is in close proximity to various civic utilities. Please contact us for more details. ",1,,0,0,,,123.0,0.0,1.0,1.0,0.0,0.0,0.0,0.0,,0.0,1.0,0.0,1.0,,,1.0,,,,,,,,,
Jankipuram Extension,1500,5700000,INR,1,1,0,"The house is unfurnished. It has car parking. Other amenities include landscape garden and tree planting, party lawn, sewage treatment plant, full power backup, storm water drains, visitor parking, cctv, 24 x 7 security and swimming pool. It is a ready-to-move-in property. The time you'll spend here will become the greatest moment of your life that will also help you to relieve, relax & evoke a great sense of happiness. The site is in close proximity to various civic utilities. Please contact for more details. ",1,,0,0,,,123.0,0.0,1.0,1.0,0.0,0.0,0.0,0.0,,0.0,1.0,0.0,1.0,,,1.0,,,,,,,,,
Jankipuram,1270,5200650,INR,1,1,0,"This spacious 2 bhk villa is available for sale and is located in Hira Infra Group Vihar Phase 5, one of the most prestigious projects of Jankipuram. It has a salable area of 1270 sqft and is available at a price of Rs. 4,095 per sqft. It has ro water system as well as water storage. The project also has atm, solid waste management and disposal and cycling & jogging track. It is well connected to the city areas. If you are interested, please contact us for more details. ",1,,0,4,8.4,,,0.0,0.0,0.0,0.0,0.0,0.0,0.0,,0.0,,0.0,0.0,1.0,,,,,,1.0,,,,,
Jankipuram,1300,5700500,INR,1,1,0,"This spacious 2 bhk villa is available for sale and is located in Hira Infra Group Vihar Phase 5, one of the most prestigious projects of Jankipuram. It has a built-up area of 1300 sqft and is priced at Rs. 57.01 lac . It is an unfurnished property. It has solid waste management and disposal. Other amenities include cycling & jogging track, water storage, atm and ro water system. It is a 5 year old ready-to-move-in property. It is made in way to provide a comfortable living for the residents. The site is in close proximity to various civic utilities. Please contact for more details. ",1,,0,4,8.4,,,0.0,0.0,0.0,0.0,0.0,0.0,0.0,,0.0,,0.0,0.0,1.0,,,,,,1.0,,,,,
Jankipuram Extension,950,3610000,INR,1,1,0,"A 2 bhk property is available for sale in Vasundhara Lucknow R S Homes, Jankipuram Extension, Lucknow. It has a salable area of 950 sqft and is available at a price of Rs. 3,800 per sqft. It is an unfurnished property. It has storm water drains as well as visitor parking. The project also has car parking, party hall, cctv, party lawn, street lighting, sewage treatment plant, intercom and closed car parking. This residential property is ready-to-move-in. The time you'll spend here will become the greatest moment of your life that will also help you to relieve, relax & evoke a great sense of happiness. It is well connected to the city areas. Please contact us for more details. ",1,,0,0,,,123.0,0.0,1.0,1.0,0.0,0.0,0.0,0.0,,0.0,1.0,0.0,1.0,,,1.0,,,,,,,,,
Jankipuram Extension,1500,5700000,INR,1,1,0,"It’s a 3 bhk villa situated in Vasundhara Lucknow R S Homes, Jankipuram Extension. It has an area of 1500 sqft . The property is available at a price of Rs. 57.00 lac . The house is unfurnished. It has 24x7 water supply as well as party lawn. The project also has full power backup, internal roads, party hall, 24 x 7 security, storm water drains, cctv, street lighting and closed car parking. This residential property is ready-to-move-in. The time you'll spend here will become the greatest moment of your life that will also help you to relieve, relax & evoke a great sense of happiness. The site is in close proximity to various civic utilities. Contact us for more details. ",1,,0,0,,,123.0,0.0,1.0,1.0,0.0,0.0,0.0,0.0,,0.0,1.0,0.0,1.0,,,1.0,,,,,,,,,
Jankipuram,1270,5200650,INR,1,1,0,"Well designed 2 bhk villa is available at a prime location in Hira Infra Group Vihar Phase 5. The house is unfurnished. It is a 5 year old ready-to-move-in property. The time you'll spend here will become the greatest moment of your life that will also help you to relieve, relax & evoke a great sense of happiness. It is well connected to the city areas. Kindly call us for details. ",1,,0,4,8.4,,,0.0,0.0,0.0,0.0,0.0,0.0,0.0,,0.0,,0.0,0.0,1.0,,,,,,1.0,,,,,
Jankipuram,1300,5700500,INR,1,1,0,"A spacious 2 bhk villa is available for sale in Hira Infra Group Vihar Phase 5, Jankipuram, Lucknow. The house is unfurnished. It has water storage as well as ro water system. The project also has solid waste management and disposal, atm and cycling & jogging track. It is made in way to provide a comfortable living. It is well connected to the city areas. ",1,,0,4,8.4,,,0.0,0.0,0.0,0.0,0.0,0.0,0.0,,0.0,,0.0,0.0,1.0,,,,,,1.0,,,,,
Vrindavan Yojna,1900,6080011,INR,,1,0,"This spacious 4 bhk villa is available for sale and is located in Aarya Group Lucknow Blossom Villas, one of the most prestigious projects of Vrindavan Yojna. It has an area of 1900 sqft with a carpet area of 1600 sqft . The property is available at a price of Rs. 60.80 lac . The house is unfurnished. It is north facing property. This residential property is ready-to-move-in. The time you'll spend here will become the greatest moment of your life that will also help you to relieve, relax & evoke a great sense of happiness. The society is well connected by different modes of transportation. If you are interested, please contact us for more details. ",1,north,0,0,8.1,,,1.0,1.0,0.0,0.0,0.0,1.0,0.0,,0.0,1.0,1.0,1.0,,,,,,,,,,,,
Vrindavan Yojna,1900,6050000,INR,,1,0,"A spacious 4 bhk villa is available for sale in Aarya Group Lucknow Blossom Villas, Vrindavan Yojna, Lucknow. It has an area of 1900 sqft with a carpet area of 1600 sqft . The property is available at a price of Rs. 60.50 lac . Its main door is facing north direction. It is a ready-to-move-in property. It is made in way to provide a comfortable living. The site is in close proximity to various civic utilities. Contact us for more details. ",1,north,0,0,8.1,,,1.0,1.0,0.0,0.0,0.0,0.0,0.0,,0.0,1.0,1.0,1.0,,,,,,,,,,,,
Vrindavan Yojna,1900,6070000,INR,,1,0,"A 4 bhk property is available for sale in Aarya Group Lucknow Blossom Villas, Vrindavan Yojna, Lucknow. It has an area of 1900 sqft with a carpet area of 1600 sqft . The property is available at a price of Rs. 60.70 lac . The house is semi-furnished. It is a ready-to-move-in property. The time you'll spend here will become the greatest moment of your life that will also help you to relieve, relax & evoke a great sense of happiness. The society is well connected by different modes of transportation. Kindly call us for details. ",1,,0,0,8.1,,,0.0,1.0,0.0,0.0,0.0,0.0,0.0,,0.0,1.0,1.0,1.0,,,,,,,,,,,,
Neel Matha,1500,7000100,INR,,1,0,"This spacious 3 bhk villa is available for sale and is located in Yash Builders India Residency, one of the most prestigious projects of Neel Matha. It has a salable area of 1500 sqft and is available at a price of Rs. 4,666 per sqft. It is a semi-furnished property. It is facing north direction. This residential complex is under-construction as of now. The expected completion date is 31/08/2022. It is made in way to provide a comfortable living. It is situated in the proximity of all the important facilities. Please contact us for more details. ",1,north,0,0,,,,0.0,1.0,0.0,0.0,0.0,0.0,0.0,,0.0,,0.0,1.0,,,1.0,,,,,,,,,
Nijampur Malhaur,1000,6180000,INR,0,1,0,"Well designed 2 bhk villa is available at a prime location in Nijampur Malhaur. It has a built-up area of 1000 sqft and is priced at Rs. 61.80 lac . It is facing northeast direction. It is an under-construction property . The time you'll spend here will become the greatest moment of your life that will also help you to relieve, relax & evoke a great sense of happiness. The society is well connected by different modes of transportation. Kindly call us for details. ",1,northeast,0,0,,,,0.0,0.0,0.0,0.0,0.0,0.0,0.0,,0.0,,0.0,0.0,,,1.0,,,,,,,,,
Kalyanpur,1350,5799000,INR,,1,0,"A spacious 2 bhk villa is available for sale in Kalyanpur, Lucknow. It has a salable area of 1350 sqft and is available at a price of Rs. 4,295 per sqft. It is an unfurnished property. This residential property is ready-to-move-in. It is made in way to provide a comfortable living. If you are interested, please contact us for more details. ",1,,0,0,,,,0.0,0.0,0.0,0.0,0.0,0.0,0.0,,0.0,,0.0,0.0,,,,,,,,,,,,
Vrindavan Yojna,1500,6300000,INR,,1,0,"It’s a 3 bhk villa situated in Aarya Group Lucknow Blossom Villas, Vrindavan Yojna, Lucknow. The house is semi-furnished. It is east facing property. It is an under-construction property . It is made in way to provide a comfortable living for the residents. It is situated in the proximity of all the important facilities. Please contact us for more details. ",1,east,0,0,8.1,,,1.0,1.0,0.0,0.0,0.0,0.0,0.0,,0.0,1.0,1.0,1.0,,,1.0,,,,,,,,,
Kalyanpur,1350,5800000,INR,,1,0,"Well designed 2 bhk villa is available at a prime location in Kalyanpur. It has an area of 1350 sqft with a carpet area of 1100 sqft . The property is available at a price of Rs. 58.00 lac . The house is unfurnished. It is west facing property. The time you'll spend here will become the greatest moment of your life that will also help you to relieve, relax & evoke a great sense of happiness. It is well connected to the city areas. Contact us for more details. ",1,west,0,0,,,,0.0,0.0,0.0,0.0,0.0,0.0,0.0,,0.0,,0.0,0.0,,,,,,,,,,,,
Kalyanpur,1350,5798000,INR,,1,0,"A spacious 2 bhk villa is available for sale in Kalyanpur, Lucknow. It has an area of 1350 sqft with a carpet area of 1100 sqft . The property is available at a price of Rs. 57.98 lac . It is made in way to provide a comfortable living for the residents. The site is in close proximity to various civic utilities. Please contact us for more details. ",1,,0,0,,,,0.0,0.0,0.0,0.0,0.0,0.0,0.0,,0.0,,0.0,0.0,,,,,,,,,,,,
Kalyanpur,1350,5796000,INR,,1,0,It has an area of 1350 sqft with a carpet area of 1100 sqft . The property is available at a price of Rs. 57.96 lac . It is an unfurnished property. This residential property is ready-to-move-in. It is made in way to provide a comfortable living. It is well connected to the city areas. Contact us for more details. ,1,,0,0,,,,0.0,0.0,0.0,0.0,0.0,0.0,0.0,,0.0,,0.0,0.0,,,,,,,,,,,,
Kalyanpur,1350,5801000,INR,,1,0,"It’s a 2 bhk villa situated in Kalyanpur. It is west facing property. It is a ready-to-move-in property. The time you'll spend here will become the greatest moment of your life that will also help you to relieve, relax & evoke a great sense of happiness. It is well connected to the city areas. ",1,west,0,0,,,,0.0,0.0,0.0,0.0,0.0,0.0,0.0,,0.0,,0.0,0.0,,,,,,,,,,,,
Vrindavan Yojna,1313,5514600,INR,0,1,0,It has an area of 1313 sqft . The property is available at a price of Rs. 55.15 lac . The house is semi-furnished. It is an under-construction property . It is well connected to the city areas. Kindly call us for details. ,1,east,0,0,8.1,,,0.0,0.0,0.0,0.0,0.0,0.0,0.0,,0.0,,1.0,1.0,,,,,,,,,,,,
Arjunganj,1500,3800000,INR,,1,0,"A 3 bhk property is available for sale in Arjunganj, Lucknow. Its main door is facing east direction. It is an under-construction property . The time you'll spend here will become the greatest moment of your life that will also help you to relieve, relax & evoke a great sense of happiness. Please contact for more details. ",1,east,0,0,,,,1.0,0.0,0.0,0.0,0.0,0.0,0.0,,1.0,,1.0,0.0,,,,,,,,,,,,
Kalyanpur,1350,5792000,INR,,1,0,"It has an area of 1350 sqft with a carpet area of 1100 sqft . The property is available at a price of Rs. 57.92 lac . The house is unfurnished. This residential property is ready-to-move-in. The time you'll spend here will become the greatest moment of your life that will also help you to relieve, relax & evoke a great sense of happiness. It is well connected to the city areas. Contact us for more details. ",1,,0,0,,,,0.0,0.0,0.0,0.0,0.0,0.0,0.0,,0.0,,0.0,0.0,,,,,,,,,,,,
Alambagh,1095,4485100,INR,,1,0,"A 2 bhk property is available for sale in Alambagh, Lucknow. It has a salable area of 1095 sqft and is available at a price of Rs. 4,095 per sqft. This residential property is ready-to-move-in. It is made in way to provide a comfortable living. The site is in close proximity to various civic utilities. ",1,,1,0,,,,0.0,0.0,0.0,0.0,0.0,0.0,0.0,,0.0,,0.0,0.0,,,,,,,,,,,,
Mubarakpur,2637,13800000,INR,,1,0,"3 BHK Villa available for sale in Iim Road Lucknow, Ghaila, Ghaila, Lucknow. Available amenities are: Gym, Swimming pool, Gas pipeline, Garden, Kids area, Sports facility, Lift. Villa has 3 bedroom, 4 bathroom. Property is inside a gated community.",1,northeast,0,0,7.9,,37.0,1.0,0.0,1.0,1.0,0.0,1.0,0.0,,1.0,,1.0,1.0,,,1.0,,,,,,,,,
Mubarakpur,2367,11730000,INR,,1,0,"3 BHK Villa available for sale in Iim Road Lucknow, Ghaila, Ghaila, Lucknow. Available amenities are: Gym, Swimming pool, Gas pipeline, Servant room, Garden, Kids area, Sports facility, Lift. Villa has 3 bedroom, 3 bathroom. Property is inside a gated com",1,northeast,0,0,7.9,,37.0,1.0,0.0,1.0,1.0,0.0,1.0,0.0,,1.0,,1.0,1.0,,,1.0,,,,,,,,,
Mubarakpur,1872,10245000,INR,,1,0,"3 BHK Villa available for sale in Iim Road Lucknow, Ghaila, Ghaila, Lucknow. Available amenities are: Gym, Swimming pool, Gas pipeline, Garden, Kids area, Sports facility, Lift. Villa has 3 bedroom, 3 bathroom. Property is inside a gated community.",1,northeast,0,0,7.9,,37.0,1.0,0.0,1.0,1.0,0.0,1.0,0.0,,1.0,,1.0,1.0,,,1.0,,,,,,,,,
Mubarakpur,2069,10125000,INR,,1,0,"3 BHK Villa available for sale in Iim Road Lucknow, Ghaila, Ghaila, Lucknow. Available amenities are: Gym, Swimming pool, Gas pipeline, Garden, Kids area, Sports facility, Lift. Villa has 3 bedroom, 3 bathroom. Property is inside a gated community.",1,northeast,0,0,7.9,,37.0,1.0,0.0,1.0,1.0,0.0,1.0,0.0,,1.0,,1.0,1.0,,,1.0,,,,,,,,,
Mubarakpur,2990,14859000,INR,,0,0,"4 BHK Villa available for sale in Iim Road Lucknow, Ghaila, Ghaila, Lucknow. Available amenities are: Gym, Swimming pool, Gas pipeline, Servant room, Garden, Kids area, Sports facility, Lift. Villa has 4 bedroom, 4 bathroom. Property is inside a gated com",1,northeast,0,0,7.9,,37.0,1.0,0.0,1.0,1.0,0.0,1.0,0.0,,1.0,,1.0,1.0,,,1.0,,,,,,,,,
Alambagh,1265,5179000,INR,,1,0,Well designed 2 bhk villa is available at a prime location in Alambagh. The house is furnished. It is a ready-to-move-in property. It is made in way to provide a comfortable living. Kindly call us for details. ,1,,1,0,,,,0.0,0.0,0.0,0.0,0.0,0.0,0.0,,0.0,,0.0,0.0,,,,,,,,,,,,
Alambagh,1262,5198000,INR,,1,0,"It has a salable area of 1262 sqft and is available at a price of Rs. 4,118 per sqft. The house is furnished. This residential property is ready-to-move-in. The site is in close proximity to various civic utilities. Please contact us for more details. ",1,,1,0,,,,0.0,0.0,0.0,0.0,0.0,0.0,0.0,,0.0,,0.0,0.0,,,,,,,,,,,,
Alambagh,1265,5181000,INR,,1,0,"Well designed 2 bhk villa is available at a prime location in Alambagh. It has a built-up area of 1265 sqft and is priced at Rs. 51.81 lac . It is a furnished property. This residential property is ready-to-move-in. The time you'll spend here will become the greatest moment of your life that will also help you to relieve, relax & evoke a great sense of happiness. It is situated in the proximity of all the important facilities. If you are interested, please contact us for more details. ",1,,1,0,,,,0.0,0.0,0.0,0.0,0.0,0.0,0.0,,0.0,,0.0,0.0,,,,,,,,,,,,
Alambagh,1265,5186200,INR,,1,0,"This spacious 2 bhk villa is available for sale and is located in the heart of Alambagh. It has a salable area of 1265 sqft and is available at a price of Rs. 4,099 per sqft. It is a ready-to-move-in property. It is situated in the proximity of all the important facilities. Please contact for more details. ",1,,1,0,,,,0.0,0.0,0.0,0.0,0.0,0.0,0.0,,0.0,,0.0,0.0,,,,,,,,,,,,
Alambagh,1265,5186300,INR,,1,0,"A 2 bhk property is available for sale in Alambagh, Lucknow. It has an area of 1265 sqft with a carpet area of 1035 sqft . The property is available at a price of Rs. 51.86 lac . The house is furnished. It is made in way to provide a comfortable living. The society is well connected by different modes of transportation. Kindly call us for details. ",1,,1,0,,,,0.0,0.0,0.0,0.0,0.0,0.0,0.0,,0.0,,0.0,0.0,,,,,,,,,,,,
Alambagh,1265,5186400,INR,,1,0,"It’s a 2 bhk villa situated in Alambagh. It has a salable area of 1265 sqft and is available at a price of Rs. 4,099 per sqft. The house is furnished. This residential property is ready-to-move-in. The time you'll spend here will become the greatest moment of your life that will also help you to relieve, relax & evoke a great sense of happiness. The site is in close proximity to various civic utilities. Please contact for more details. ",1,,1,0,,,,0.0,0.0,0.0,0.0,0.0,0.0,0.0,,0.0,,0.0,0.0,,,,,,,,,,,,
Alambagh,1265,5195000,INR,,1,0,Well designed 2 bhk villa is available at a prime location in Alambagh. It has a built-up area of 1265 sqft and is priced at Rs. 51.95 lac . This residential property is ready-to-move-in. It is made in way to provide a comfortable living for the residents. The society is well connected by different modes of transportation. Please contact us for more details. ,1,,0,0,,,,0.0,0.0,0.0,0.0,0.0,0.0,0.0,,0.0,,0.0,0.0,,,,,,,,,,,,
Gomti Nagar Extension,4040,32501800,INR,0,1,0,"A 4 bhk property is available for sale in Shalimar Corp Valencia County, Gomti Nagar Extension, Lucknow. It has an area of 4040 sqft . The property is available at a price of Rs. 3.25 cr . It is made in way to provide a comfortable living. It is situated in the proximity of all the important facilities. Please contact for more details. ",1,,0,0,,,37.0,1.0,1.0,1.0,1.0,1.0,1.0,1.0,1.0,0.0,1.0,1.0,1.0,1.0,1.0,1.0,,,,1.0,,,,,
Gomti Nagar Extension,3970,31998200,INR,0,1,0,"Well designed 4 bhk villa is available at a prime location in Shalimar Corp Valencia County. It has a salable area of 3970 sqft and is available at a price of Rs. 8,060 per sqft. It has sewage treatment plant. Other amenities include water conservation, rain water harvesting, sewage treatment plant, rain water harvesting, table tennis, 24x7 water supply, fire fighting system, aggregate area of recreational open space, basketball court and visitor parking. This residential complex is under-construction as of now. The expected completion date is 31/08/2023. It is made in way to provide a comfortable living. It is well connected to the city areas. Kindly call us for details. ",1,,0,0,,,37.0,1.0,1.0,1.0,1.0,1.0,1.0,1.0,1.0,0.0,1.0,1.0,1.0,1.0,1.0,1.0,,,,1.0,,,,,
Bakkas,1903,9499776,INR,0,1,0,Well designed 3 bhk villa is available at a prime location in Sapphire Infraventures Royale. It has an area of 1903 sqft . The property is available at a price of Rs. 95.00 lac . It is made in way to provide a comfortable living for the residents. It is situated in the proximity of all the important facilities. Contact us for more details. ,1,,0,0,,,123.0,1.0,1.0,1.0,0.0,1.0,1.0,0.0,,0.0,1.0,1.0,1.0,1.0,,,,1.0,,,,1.0,,,
Bakkas,1878,8999376,INR,0,1,0,"It’s a 3 bhk villa situated in Sapphire Infraventures Royale, Bakkas. It has an area of 1878 sqft . The property is available at a price of Rs. 89.99 lac . It is an unfurnished property. It has shopping mall as well as cctv. The project also has garbage disposal, community buildings, power backup, paved compound, school, gymnasium, gated community and aggregate area of recreational open space. This residential complex is under-construction as of now. The expected completion date is 17/05/2023. It is made in way to provide a comfortable living for the residents. The society is well connected by different modes of transportation. If you are interested, please contact us for more details. ",1,,0,0,,,123.0,1.0,1.0,1.0,0.0,1.0,1.0,0.0,,0.0,1.0,1.0,1.0,1.0,,,,1.0,,,,1.0,,,
Bakkas,1581,7999860,INR,0,1,0,"Well designed 3 bhk villa is available at a prime location in Sapphire Infraventures Royale. It has a built-up area of 1581 sqft and is priced at Rs. 80.00 lac . It is an unfurnished property. It is an under-construction property and is expected to get completed by 17/05/2023. The time you'll spend here will become the greatest moment of your life that will also help you to relieve, relax & evoke a great sense of happiness. It is situated in the proximity of all the important facilities. Contact us for more details. ",1,,0,0,,,123.0,1.0,1.0,1.0,0.0,1.0,1.0,0.0,,0.0,1.0,1.0,1.0,1.0,,,,1.0,,,,1.0,,,
Bakkas,3153,18501804,INR,0,1,0,"A 5 bhk property is available for sale in Sapphire Infraventures Royale, Bakkas, Lucknow. It has a salable area of 3153 sqft and is available at a price of Rs. 5,868 per sqft. It is an unfurnished property. This residential complex is under-construction as of now. The expected completion date is 17/05/2023. It is made in way to provide a comfortable living. Contact us for more details. ",1,,0,0,,,123.0,1.0,1.0,1.0,0.0,1.0,1.0,0.0,,0.0,1.0,1.0,1.0,1.0,,,,1.0,,,,1.0,,,
Bakkas,1634,9000072,INR,0,1,0,"A spacious 2 bhk villa is available for sale in Sapphire Infraventures Royale, Bakkas, Lucknow. It has a salable area of 1634 sqft and is available at a price of Rs. 5,508 per sqft. The house is unfurnished. It has community hall. Other amenities include club house, paved compound, street lighting, cctv, jogging track, shopping mall, gated community, sewage treatment plant and power backup. It is an under-construction property and is expected to get completed by 17/05/2023. It is made in way to provide a comfortable living for the residents. It is well connected to the city areas. Please contact us for more details. ",1,,0,0,,,123.0,1.0,1.0,1.0,0.0,1.0,1.0,0.0,,0.0,1.0,1.0,1.0,1.0,,,,1.0,,,,1.0,,,
Bakkas,1626,8499102,INR,0,1,0,"Well designed 2 bhk villa is available at a prime location in Sapphire Infraventures Royale. It is an unfurnished property. It has community buildings as well as cctv. The project also has power backup, senior citizen siteout, gated community, school, 24 hours water supply, garbage disposal, landscape garden and tree planting and shopping mall. This residential complex is under-construction as of now. The expected completion date is 17/05/2023. Contact us for more details. ",1,,0,0,,,123.0,1.0,1.0,1.0,0.0,1.0,1.0,0.0,,0.0,1.0,1.0,1.0,1.0,,,,1.0,,,,1.0,,,
Bakkas,1378,7952438,INR,,1,0,"A 3 bhk property is available for sale in Sanfran Developer Estate, Bakkas, Lucknow. It has a built-up area of 1378 sqft and is priced at Rs. 79.52 lac . It is an unfurnished property. It has club house. Other amenities include gymnasium, cafeteria, cctv, car parking, amphitheater, 24 x 7 security, gated community, indoor games and restaurant. The time you'll spend here will become the greatest moment of your life that will also help you to relieve, relax & evoke a great sense of happiness. If you are interested, please contact us for more details. ",1,,0,0,,,2022.0,1.0,1.0,1.0,0.0,0.0,1.0,0.0,1.0,0.0,1.0,1.0,0.0,,1.0,,,1.0,1.0,,,,,,
Alambagh,5000,51150000,INR,1,0,0,"It’s a 6 bhk villa situated in Alambagh. It has a salable area of 5000 sqft and is available at a price of Rs. 10,230 per sqft. The house is furnished. It is northeast facing property. It is a ready-to-move-in property. The time you'll spend here will become the greatest moment of your life that will also help you to relieve, relax & evoke a great sense of happiness. It is well connected to the city areas. ",1,northeast,1,0,,,,0.0,0.0,0.0,0.0,0.0,0.0,0.0,,0.0,,0.0,1.0,,,,,,,,,,,,
Bharavara,2100,7400000,INR,,1,0,"It has a salable area of 2100 sqft and is available at a price of Rs. 3,523 per sqft. It is an unfurnished property. It is made in way to provide a comfortable living for the residents. The site is in close proximity to various civic utilities. Please contact us for more details. ",1,,0,3,,,,0.0,0.0,0.0,0.0,0.0,0.0,0.0,,0.0,,0.0,0.0,,,,,,,,,,,,
Vrindavan Yojna,1550,6300000,INR,,1,0,Well designed 3 bhk villa is available at a prime location in Aarya Group Lucknow Blossom Villas. It has a built-up area of 1550 sqft and is priced at Rs. 63.00 lac . The house is furnished. It is a ready-to-move-in property. It is made in way to provide a comfortable living. Please contact us for more details. ,1,,1,0,8.1,,,0.0,1.0,0.0,0.0,0.0,0.0,0.0,,0.0,1.0,1.0,1.0,,,,,,,,,,,,
Faizabad Road,1462,4200000,INR,1,1,1,,1,east,0,2,,,123.0,1.0,1.0,1.0,0.0,0.0,1.0,1.0,1.0,0.0,1.0,1.0,0.0,1.0,,,1.0,1.0,,1.0,,1.0,1.0,,
Faizabad Road,1741,5500000,INR,1,1,1,,1,east,0,3,,,123.0,1.0,1.0,1.0,0.0,0.0,1.0,1.0,1.0,0.0,1.0,1.0,0.0,1.0,,,1.0,1.0,,1.0,,1.0,1.0,,
Faizabad Road,1460,4200000,INR,,1,1,,1,northeast,0,3,,,123.0,1.0,1.0,1.0,0.0,0.0,1.0,1.0,1.0,0.0,1.0,1.0,0.0,1.0,,,1.0,1.0,,1.0,,1.0,1.0,,
Faizabad Road,1462,4200500,INR,1,1,1,,1,north,0,3,,,123.0,1.0,1.0,1.0,0.0,0.0,1.0,1.0,1.0,0.0,1.0,1.0,0.0,1.0,,,,1.0,,,,,,,
Golf City,1500,5500000,INR,,1,0,"It has a salable area of 1500 sqft and is available at a price of Rs. 3,666 per sqft. It is a furnished property. This residential complex is under-construction as of now. . It is made in way to provide a comfortable living for the residents. It is situated in the proximity of all the important facilities. Please contact us for more details. ",1,,1,0,,,,0.0,0.0,0.0,0.0,0.0,0.0,0.0,,0.0,,0.0,0.0,,,,,,,,,,,,
Haibat Mau Mawaiya,1640,5400000,INR,,1,0,Well designed 3 bhk villa is available at a prime location in Haibat Mau Mawaiya. It has an area of 1640 sqft with a carpet area of 760 sqft . The property is available at a price of Rs. 54.00 lac . It is a furnished property. It is east facing property. It is made in way to provide a comfortable living. The society is well connected by different modes of transportation. Please contact for more details. ,1,east,1,4,8.0,,,0.0,0.0,0.0,0.0,0.0,0.0,0.0,,0.0,,1.0,0.0,,,,,,,,,,,,
Arjunganj,1300,5500000,INR,,1,0,"A spacious 2 bhk villa is available for sale in Arjunganj, Lucknow. It has an area of 1300 sqft with a carpet area of 1100 sqft . The property is available at a price of Rs. 55.00 lac . It is a furnished property. Its main door is facing east direction. It is an under-construction property . It is made in way to provide a comfortable living. ",1,east,1,0,,,,0.0,0.0,0.0,0.0,0.0,0.0,0.0,,0.0,,0.0,0.0,,,,,,,,,,,,
Sarojini Nagar,1096,3200000,INR,,1,0,It has a built-up area of 1096 sqft and is priced at Rs. 32.00 lac . It is a semi-furnished property. It is east facing property. It is a ready-to-move-in property. It is made in way to provide a comfortable living for the residents. The society is well connected by different modes of transportation. ,1,east,0,0,,,,0.0,0.0,0.0,0.0,0.0,0.0,0.0,,0.0,,1.0,1.0,,,1.0,,,,,,,,,
Miranpur Pinvat,1096,3199000,INR,,1,0,It has an area of 1096 sqft with a carpet area of 640 sqft . The property is available at a price of Rs. 31.99 lac . It is a semi-furnished property. It is east facing property. It is made in way to provide a comfortable living. The site is in close proximity to various civic utilities. Kindly call us for details. ,1,east,0,3,,,,0.0,0.0,0.0,0.0,0.0,0.0,0.0,,0.0,,1.0,1.0,,,1.0,,,,,,,,,
Sarojini Nagar,1350,4400000,INR,,1,0,"It’s a 3 bhk villa situated in Sarojini Nagar, Lucknow. It has a built-up area of 1350 sqft and is priced at Rs. 44.00 lac . It is a ready-to-move-in property. The time you'll spend here will become the greatest moment of your life that will also help you to relieve, relax & evoke a great sense of happiness. The society is well connected by different modes of transportation. Please contact for more details. ",1,east,0,0,,,,0.0,0.0,0.0,0.0,0.0,0.0,0.0,,0.0,,1.0,1.0,,,1.0,,,,,,,,,
Sarojini Nagar,1915,5300000,INR,,1,0,"It has an area of 1915 sqft with a carpet area of 968 sqft . The property is available at a price of Rs. 53.00 lac . It is a semi-furnished property. Its main door is facing east direction. It is a ready-to-move-in property. It is made in way to provide a comfortable living. The society is well connected by different modes of transportation. If you are interested, please contact us for more details. ",1,east,0,0,,,,1.0,1.0,0.0,0.0,0.0,0.0,0.0,,0.0,,1.0,1.0,1.0,,1.0,,1.0,,,,,,,
Sarojini Nagar,1915,5400000,INR,,1,0,"A 3 bhk property is available for sale in Tej Infrazone Aasra Gold, Sarojini Nagar, Lucknow. It has a built-up area of 1915 sqft and is priced at Rs. 54.00 lac . It is a semi-furnished property. It has cctv as well as children's play area. The project also has full power backup. Its main door is facing east direction. This residential property is ready-to-move-in. It is made in way to provide a comfortable living for the residents. The society is well connected by different modes of transportation. ",1,east,0,1,,,,1.0,1.0,0.0,0.0,1.0,0.0,0.0,1.0,0.0,1.0,1.0,1.0,,,,,,,,,,,,
SGPGI Raibareli Road,1420,4450000,INR,,1,1,,1,east,0,3,,,,1.0,1.0,0.0,0.0,0.0,1.0,0.0,1.0,1.0,1.0,1.0,1.0,,,1.0,,,1.0,,1.0,,,1.0,
Arjunganj,600,3800000,INR,1,1,1,"It’s a 3 bhk villa situated in Arjunganj, Lucknow. It has a built-up area of 600 sqft and is priced at Rs. 38.00 lac (negotiable). It is a semi-furnished property. It is a corner property. The property is in a complex owned by a co-operative society. The property has 2 bathrooms and 2 balconies. It is a ready-to-move-in property. The time you'll spend here will become the greatest moment of your life that will also help you to relieve, relax & evoke a great sense of happiness. It is well connected to the city areas. Kindly call us for details. ",1,east,0,1,,,,0.0,1.0,0.0,0.0,0.0,0.0,1.0,,0.0,1.0,1.0,0.0,1.0,,,,,,1.0,1.0,1.0,1.0,,1.0
Residential Open Plot Bijnor,1000,4500000,INR,,1,1,"It has a salable area of 1000 sqft and is available at a price of Rs. 4,500 per sqft. It is a semi-furnished property. The property provides an excellent view as it overlooks the road. The property is available on freehold. It is made in way to provide a comfortable living. ",1,,0,0,,,,0.0,0.0,0.0,0.0,0.0,0.0,0.0,,0.0,,0.0,0.0,,,,,,,,,,,,
Jankipuram,1800,6500000,INR,,1,1,"A spacious 4 bhk villa is available for sale in Jankipuram, Lucknow. It has a salable area of 1800 sqft and is available at a price of Rs. 3,611 per sqft. The house is unfurnished. Its main door is facing east direction. The property is available on freehold. It has 3 bathrooms and 2 balconies. This residential property is ready-to-move-in. It is made in way to provide a comfortable living for the residents. It is situated in the proximity of all the important facilities. Contact us for more details. ",1,east,0,0,,,,0.0,0.0,0.0,0.0,0.0,0.0,0.0,,0.0,1.0,0.0,1.0,1.0,,,,1.0,,1.0,,1.0,1.0,,
Tiwariganj,1350,5351000,INR,,1,1,"This project is located nearby the Faizabad road, tiwariganj. It is a gated community of 16 villas where the basic facilities like roads, sewage disposal facilities, water supply, security cameras will also be available. The bank loan facilities are also available for villas purchase.",1,east,0,1,,,,0.0,1.0,0.0,0.0,0.0,0.0,0.0,,0.0,1.0,0.0,1.0,1.0,,,1.0,1.0,,,,1.0,1.0,,1.0
Faizabad Road,1345,5500000,INR,,1,1,This project is located at TIWARIGANJ nearby Faizabad highway. It is a gated community of 16 villas equipped with the facilities like roads sewage disposal facilities and electricity supply and drinking water supply etc. the bank loan facility is also available.,1,east,0,1,,,,0.0,1.0,0.0,0.0,0.0,0.0,0.0,,0.0,1.0,1.0,0.0,1.0,,,1.0,,,,,,,,1.0
Chinhat,1450,4500000,INR,,1,1,"It has a built-up area of 1450 sqft and is priced at Rs. 45.00 lac (negotiable). It is a semi-furnished property. It has 1 wardrobe, 1 tv, 1 refrigerator and 1 gas connection. It also has 1 ac and 1 modular kitchen. It is a road facing property. It is made in way to provide a comfortable living. Kindly call us for details. ",1,west,0,0,7.7,,,0.0,1.0,0.0,0.0,0.0,0.0,1.0,,0.0,1.0,1.0,0.0,1.0,,,1.0,,,1.0,,,,,1.0
Chinhat,1450,4500000,INR,,1,1,"It has a salable area of 1450 sqft and is available at a price of Rs. 3,103 per sqft. The house is semi-furnished. It has 1 wardrobe, 1 wifi, 1 gas connection and 1 modular kitchen. It has intercom as well as 24 x 7 security. The project also has car parking. It is west facing property. The property is available on freehold. It has 3 bathrooms and 2 balconies. This residential property is ready-to-move-in. The time you'll spend here will become the greatest moment of your life that will also help you to relieve, relax & evoke a great sense of happiness. The society is well connected by different modes of transportation. Kindly call us for details. ",1,west,0,2,7.7,,,0.0,1.0,0.0,0.0,0.0,0.0,0.0,,0.0,1.0,0.0,0.0,,,1.0,,,,,,,,,
Kursi Road,750,2812500,INR,,1,1,"Well designed 2 bhk villa is available at a prime location in Kursi Road. The property has 2 bathrooms and 1 balcony. This residential complex is under-construction as of now. The expected completion date is 14/01/2021. The time you'll spend here will become the greatest moment of your life that will also help you to relieve, relax & evoke a great sense of happiness. Kindly call us for details. ",1,north,0,0,,,,1.0,1.0,1.0,0.0,1.0,1.0,0.0,1.0,1.0,1.0,1.0,1.0,1.0,,1.0,1.0,1.0,,1.0,,1.0,1.0,,1.0
Bharawamau,750,2400000,INR,,1,1,Well designed 2 bhk villa is available at a prime location in VJ Infracity LLP DH2 Paradise. It has a built-up area of 750 sqft and is priced at Rs. 24.00 lac (negotiable). It is a semi-furnished property. The property provides an excellent view as it is a corner property. The property is available on freehold. It has 2 bathrooms and 2 balconies. This residential complex is under-construction as of now. The expected completion date is 08/04/2021. The society is well connected by different modes of transportation.,1,north,0,0,,,123.0,1.0,1.0,0.0,0.0,1.0,1.0,0.0,1.0,0.0,1.0,1.0,0.0,1.0,1.0,,1.0,1.0,,1.0,,1.0,1.0,,1.0
Sultanpur Lucknow Road,1450,6100000,INR,,1,1,"THIS PROJECT IS LOCATED JUST BEHIND THE AHAMAMU POLICE CHOWKI, ARJUN GANJ, SULTANPUR ROAD, LUCKNOW. THIS IS A COMMUNITY OF 8 VILLAS ONLY. THE FACILITIES LIKE DRINKING WATER SUPPLY, SEWAGE DISPOSAL, ELECTRICITY, GATED, SECURITY GUARD, ETC. ALL ARE AVAILABLE LIKE OUR ALL PREVIOUS PROJECTS. THE BANK LOAN IS AVAILABLE FOR VILLA PURCAHSE.",1,west,0,1,,,,0.0,1.0,0.0,0.0,0.0,0.0,0.0,,0.0,1.0,0.0,1.0,1.0,,,1.0,1.0,,1.0,,1.0,1.0,,1.0
Faizabad Lucknow Road,1500,6275000,INR,,1,1,"THIS PROJECT IS NEWLY BUILT WHICH IS RUNNING JUST BEHIND THE V BAZAAR, KOTWALI ROAD, MATIYARI, FAIZABAD ROAD. IT IS A GATED COMMUNITY OF 22 VILLAS. THIS PROJECT IS ALREADY EQUIPPED WITH THE FACILITIES LIKE ROADS, SEWAGE DISPOSAL, WATER SUPPLY, PARKING FACILITY, SECURITY CAMERAS ETC. THE BANL LOAN FACILITY IS ALSO FOR VILLA PURCHASE.",1,west,0,1,,,,0.0,1.0,0.0,0.0,0.0,0.0,0.0,,1.0,1.0,0.0,1.0,1.0,,,1.0,1.0,,1.0,,1.0,1.0,,1.0
Faizabad Road,1350,5500000,INR,,1,1,"It’s a 2 bhk villa situated in Faizabad Road. It has an area of 1350 sqft with a carpet area of 1008 sqft . The property is available at a price of Rs. 55.00 lac (negotiable ). It is a semi-furnished property. It has 1 wardrobe, 1 sofa, 1 gas connection and 1 ac. It is west facing property. The property is available on freehold. It has 2 bathrooms and 2 balconies. It is an under-construction property and is expected to get completed by 21/12/2021. It is made in way to provide a comfortable living for the residents. Contact us for more details. ",1,west,0,0,,,,0.0,1.0,0.0,0.0,0.0,0.0,0.0,,0.0,1.0,0.0,1.0,1.0,1.0,,1.0,1.0,,1.0,,1.0,1.0,,
Malhaur Railway Station Road,1450,5600000,INR,,1,1,"Well designed 2 bhk villa is available at a prime location in Malhaur Railway Station Road. It has a salable area of 1450 sqft and is available at a price of Rs. 3,862 per sqft. It is a furnished property. It is a road facing property. The property is available on freehold. It has 2 bathrooms and 1 balcony. This residential property is ready-to-move-in. The society is well connected by different modes of transportation. If you are interested, please contact us for more details. ",1,west,1,1,,,,0.0,1.0,0.0,0.0,0.0,0.0,0.0,,0.0,1.0,0.0,1.0,,,,,,,,,,,,
